card_number,variant,category,color,cost,life,power,counter,attribute,types,effect,trigger,artist,block,standard,extra
OP03-001,,Leader,Red,,5,5000,,Special,Whitebeard Pirates,"When this Leader attacks or is attacked, you may trash any number of Event or Stage cards from your hand. This Leader gains +1000 power during this battle for every card trashed.",,,1,not legal,legal
OP03-001p1,Alternate Art,Leader,Red,,5,5000,,Special,Whitebeard Pirates,"When this Leader attacks or is attacked, you may trash any number of Event or Stage cards from your hand. This Leader gains +1000 power during this battle for every card trashed.",,Anderson,1,not legal,legal
OP03-002,,Character,Red,4,,5000,1000,Ranged,ODYSSEY,[DON!! x1] [When Attacking] Your opponent cannot activate a [Blocker] Character that has 2000 or less power during this battle.,,BISAI,1,not legal,legal
OP03-003,,Character,Red,1,,2000,1000,Ranged,Land of Wano/Whitebeard Pirates,"[On Play] Look at 5 cards from the top of your deck; reveal up to 1 card with a type including ""Whitebeard Pirates"" other than [Izo] and add it to your hand. Then, place the rest at the bottom of your deck in any order.",,kankurou,1,not legal,legal
OP03-004,,Character,Red,3,,4000,1000,Ranged,Whitebeard Pirates,This Character cannot attack a Leader on the turn in which it is played. [DON!! x1] This Character gains [Rush]. (This card can attack on the turn in which it is played.),,kankurou,1,not legal,legal
OP03-005,,Character,Red,1,,2000,1000,Slash,Whitebeard Pirates,"[Activate: Main] [Once Per Turn] This Character gains +2000 power during this turn. Then, trash this Character at the end of this turn.",,touge369,1,not legal,legal
OP03-006,,Character,Red,4,,6000,1000,Slash,Whitebeard Pirates,,,kankurou,1,not legal,legal
OP03-007,,Character,Red,3,,5000,1000,Strike,Fish-Man/Whitebeard Pirates,,,Misa Tsutsui,1,not legal,legal
OP03-008,,Character,Red,1,,3000,,Slash,Buggy Pirates,"This Character cannot be K.O.'d in battle by <Slash> attribute cards. [On Play] Look at 5 cards from the top of your deck; reveal up to 1 red Event and add it to your hand. Then, place the rest at the bottom of your deck in any order.",,akagi,4,legal,legal
OP03-009,,Character,Red,2,,3000,1000,Slash,Whitebeard Pirates,[Activate: Main] [Once Per Turn] Give up to 1 rested DON!! card to your Leader or 1 of your Characters.,,,1,not legal,legal
OP03-010,,Character,Red,2,,2000,1000,Slash,Whitebeard Pirates,"[Blocker] (After your opponent declares an attack, you may rest this card to make it the new target of the attack.)",,HISASHI HUJIWARA,1,not legal,legal
OP03-011,,Character,Red,2,,3000,1000,Strike,Whitebeard Pirates,[DON!! x1] [When Attacking] Give up to 1 of your opponent's Characters −2000 power during this turn.,,,1,not legal,legal
OP03-012,,Character,Red,4,,6000,,Strike,Whitebeard Pirates,"[When Attacking] You may trash 1 of your red Characters with 4000 power or more: Draw 1 card. Then, this Character gains +1000 power during this battle.",,TAPIOCA,1,not legal,legal
OP03-013,,Character,Red,5,,6000,1000,Special,Whitebeard Pirates,[Your Turn] [On Play] K.O. up to 1 of your opponent's Characters with 3000 power or less. [On K.O.] You may trash 1 Event from your hand: You may play this Character card from your trash rested.,,Studio Vigor Co. Ltd,1,not legal,legal
OP03-013p1,Alternate Art,Character,Red,5,,6000,1000,Special,Whitebeard Pirates,[Your Turn] [On Play] K.O. up to 1 of your opponent's Characters with 3000 power or less. [On K.O.] You may trash 1 Event from your hand: You may play this Character card from your trash rested.,,tatsuya,1,not legal,legal
OP03-014,,Character,Red,3,,5000,,Strike,Navy,[When Attacking] Play up to 1 red Character card with a cost of 1 from your hand.,,,1,not legal,legal
OP03-015,,Character,Red,3,,2000,,Wisdom,ODYSSEY,"[Blocker] (After your opponent declares an attack, you may rest this card to make it the new target of the attack.) [Opponent's Turn] When this Character is K.O.'d, give up to 1 of your opponent's Leader or Character cards −2000 power during this turn.",,NIJIMAARC,1,not legal,legal
OP03-016,,Event,Red,7,,,,,Whitebeard Pirates,"[Main] If your Leader is [Portgas.D.Ace], K.O. up to 1 of your opponent's Characters with 8000 power or less, and your Leader gains [Double Attack] and +3000 power during this turn. (This card deals 2 damage.) [Trigger] K.O. up to 1 of your opponent's Characters with 6000 power or less.",,,1,not legal,legal
OP03-017,,Event,Red,2,,,,,Whitebeard Pirates,"[Main]/[Counter] If your Leader's type includes ""Whitebeard Pirates"", give up to 1 of your opponent's Characters −4000 power during this turn. [Trigger] Activate this card's [Main] effect.",,,1,not legal,legal
OP03-018,,Event,Red,3,,,,,Whitebeard Pirates,[Main] You may trash 1 Event from your hand: K.O. up to 1 of your opponent's Characters with 5000 power or less and up to 1 of your opponent's Characters with 4000 power or less. [Trigger] K.O. up to 1 of your opponent's Characters with 5000 power or less.,,,1,not legal,legal
OP03-018p1,Alternate Art,Event,Red,3,,,,,Whitebeard Pirates,[Main] You may trash 1 Event from your hand: K.O. up to 1 of your opponent's Characters with 5000 power or less and up to 1 of your opponent's Characters with 4000 power or less. [Trigger] K.O. up to 1 of your opponent's Characters with 5000 power or less.,,Makitoshi,1,not legal,legal
OP03-019,,Event,Red,2,,,,,Whitebeard Pirates,[Main] Your Leader gains +4000 power during this turn. [Trigger] Give up to 1 of your opponent's Leader or Character cards -10000 power during this turn.,,,1,not legal,legal
OP03-020,,Stage,Red,1,,,,,Whitebeard Pirates,"[Activate: Main] ② (You may rest the specified number of DON!! cards in your cost area.) You may rest this Stage: If your Leader is [Portgas.D.Ace], look at 5 cards from the top of your deck; reveal up to 1 Event and add it to your hand. Then, place the rest at the bottom of your deck in any order.",,Nijihayashi,1,not legal,legal
OP03-021,,Leader,Green,,5,5000,,Slash,East Blue/Black Cat Pirates,"[Activate: Main] ③ (You may rest the specified number of DON!! cards in your cost area.) You may rest 2 of your {East Blue} type Characters: Set this Leader as active, and rest up to 1 of your opponent's Characters with a cost of 5 or less.",,,1,not legal,legal
OP03-021p1,Alternate Art,Leader,Green,,5,5000,,Slash,East Blue/Black Cat Pirates,"[Activate: Main] ③ (You may rest the specified number of DON!! cards in your cost area.) You may rest 2 of your {East Blue} type Characters: Set this Leader as active, and rest up to 1 of your opponent's Characters with a cost of 5 or less.",,Anderson,1,not legal,legal
OP03-022,,Leader,Green/Yellow,,4,5000,,Slash,Fish-Man/East Blue/Arlong Pirates,[DON!! x2] [When Attacking] ① (You may rest the specified number of DON!! cards in your cost area.): Play up to 1 Character card with a cost of 4 or less and a [Trigger] from your hand.,,,1,not legal,legal
OP03-022p1,Alternate Art,Leader,Green/Yellow,,4,5000,,Slash,Fish-Man/East Blue/Arlong Pirates,[DON!! x2] [When Attacking] ① (You may rest the specified number of DON!! cards in your cost area.): Play up to 1 Character card with a cost of 4 or less and a [Trigger] from your hand.,,Anderson,1,not legal,legal
OP03-023,,Character,Green,1,,3000,1000,Strike,East Blue/Alvida Pirates,,,phima,1,not legal,legal
OP03-024,,Character,Green,4,,5000,1000,Strike,East Blue/Krieg Pirates,"[On Play] If your Leader has the {East Blue} type, rest up to 2 of your opponent's Characters with a cost of 4 or less.",,,1,not legal,legal
OP03-024p1,Alternate Art,Character,Green,4,,5000,1000,Strike,East Blue/Krieg Pirates,"[On Play] If your Leader has the {East Blue} type, rest up to 2 of your opponent's Characters with a cost of 4 or less.",,Makitoshi,1,not legal,legal
OP03-025,,Character,Green,6,,7000,,Ranged,East Blue/Krieg Pirates,[On Play] You may trash 1 card from your hand: K.O. up to 2 of your opponent's rested Characters with a cost of 4 or less. [DON!! x1] This Character gains [Double Attack]. (This card deals 2 damage.),,Ryuda,1,not legal,legal
OP03-025p1,Alternate Art,Character,Green,6,,7000,,Ranged,East Blue/Krieg Pirates,[On Play] You may trash 1 card from your hand: K.O. up to 2 of your opponent's rested Characters with a cost of 4 or less. [DON!! x1] This Character gains [Double Attack]. (This card deals 2 damage.),,Studio Vigor Co. Ltd,1,not legal,legal
OP03-026,,Character,Green,4,,3000,1000,Strike,Fish-Man/East Blue/Arlong Pirates,"[On Play] If your Leader has the {East Blue} type, rest up to 1 of your opponent's Characters. [Trigger] Play this card.",,Nekobayashi,1,not legal,legal
OP03-027,,Character,Green,3,,4000,1000,Slash,East Blue/Black Cat Pirates,"[On Play] If your Leader has the {East Blue} type, rest up to 1 of your opponent's Characters with a cost of 2 or less and, if you don't have [Buchi], play up to 1 [Buchi] from your hand.",,Minato Sashima,1,not legal,legal
OP03-028,,Character,Green,5,,6000,,Special,East Blue/Black Cat Pirates,[On Play] Choose one: - Set up to 1 of your {East Blue} type Leader or Character cards with a cost of 6 or less as active. - Rest this Character and up to 1 of your opponent's Characters.,,,1,not legal,legal
OP03-029,,Character,Green,4,,3000,1000,Ranged,Fish-Man/East Blue/Arlong Pirates,[On Play] K.O. up to 1 of your opponent's rested Characters with a cost of 4 or less. [Trigger] Play this card.,,Misa Matoki,1,not legal,legal
OP03-030,,Character,Green,2,,2000,1000,Wisdom,East Blue/Arlong Pirates,"[On Play] Look at 5 cards from the top of your deck; reveal up to 1 green {East Blue} type card other than [Nami] and add it to your hand. Then, place the rest at the bottom of your deck in any order. [Trigger] Play this card.",,nuisuke,1,not legal,legal
OP03-031,,Character,Green,2,,2000,1000,Strike,East Blue/Krieg Pirates,"[Blocker] (After your opponent declares an attack, you may rest this card to make it the new target of the attack.)",,Hayaken-sarena,1,not legal,legal
OP03-032,,Character,Green,3,,5000,,Slash,East Blue/Buggy Pirates,This Character cannot be K.O.'d in battle by <Slash> attribute cards.,,Ryuda,1,not legal,legal
OP03-033,,Character,Green,4,,4000,2000,Slash,Fish-Man/East Blue/Arlong Pirates,,"[Trigger] If your Leader has the {East Blue} type, play this card.",Moopic,1,not legal,legal
OP03-034,,Character,Green,4,,5000,1000,Slash,East Blue/Black Cat Pirates,[On Play] K.O. up to 1 of your opponent's rested Characters with a cost of 2 or less.,,kankurou,1,not legal,legal
OP03-035,,Character,Green,2,,4000,1000,Strike,Animal/East Blue,,,kankurou,1,not legal,legal
OP03-036,,Event,Green,3,,,,,East Blue/Black Cat Pirates,[Main] You may rest 1 of your {East Blue} type Characters: Set up to 1 of your [Kuro] cards as active. [Trigger] K.O. up to 1 of your opponent's rested Characters with a cost of 3 or less.,,,1,not legal,legal
OP03-037,,Event,Green,1,,,,,Fish-Man/East Blue/Arlong Pirates,[Main] You may rest 1 of your {East Blue} type Characters: K.O. up to 1 of your opponent's rested Characters with a cost of 3 or less. [Trigger] Play up to 1 Character card with a cost of 4 or less and a [Trigger] from your hand.,,,1,not legal,legal
OP03-038,,Event,Green,1,,,,,East Blue/Krieg Pirates,[Main] Rest up to 2 of your opponent's Characters with a cost of 2 or less. [Trigger] Rest up to 1 of your opponent's Characters with a cost of 5 or less.,,,1,not legal,legal
OP03-039,,Event,Green,1,,,,,East Blue/Black Cat Pirates,"[Main] Rest up to 1 of your opponent's Characters with a cost of 1 or less. Then, up to 1 of your Characters gains +1000 power during this turn. [Trigger] Rest up to 1 of your opponent's Characters with a cost of 4 or less.",,,1,not legal,legal
OP03-040,,Leader,Blue,,5,5000,,Wisdom,East Blue,"When your deck is reduced to 0, you win the game instead of losing, according to the rules. [DON!! x1] When this Leader's attack deals damage to your opponent's Life, you may trash 1 card from the top of your deck.",,,1,,
OP03-040p1,Alternate Art,Leader,Blue,,5,5000,,Wisdom,East Blue,"When your deck is reduced to 0, you win the game instead of losing, according to the rules. [DON!! x1] When this Leader's attack deals damage to your opponent's Life, you may trash 1 card from the top of your deck.",,Anderson,1,,
OP03-041,,Character,Blue,4,,5000,,Ranged,East Blue,"[Rush] (This card can attack on the turn in which it is played.) [DON!! x1] When this Character's attack deals damage to your opponent's Life, you may trash 7 cards from the top of your deck.",,Studio Vigor Co. Ltd,1,not legal,legal
OP03-041p1,Alternate Art,Character,Blue,4,,5000,,Ranged,East Blue,"[Rush] (This card can attack on the turn in which it is played.) [DON!! x1] When this Character's attack deals damage to your opponent's Life, you may trash 7 cards from the top of your deck.",,Denim2,1,not legal,legal
OP03-042,,Character,Blue,1,,0,1000,Wisdom,East Blue,[On Play] Add up to 1 blue [Usopp] from your trash to your hand.,,Nekobayashi,1,not legal,legal
OP03-043,,Character,Blue,2,,0,1000,Wisdom,East Blue,"When you deal damage to your opponent's Life, you may trash 3 cards from the top of your deck. If you do, trash this Character.",,Suzume Muraichi,1,not legal,legal
OP03-044,,Character,Blue,1,,0,2000,Wisdom,East Blue,[On Play] Draw 2 cards and trash 2 cards from your hand.,,UGUME,4,legal,legal
OP03-045,,Character,Blue,3,,3000,1000,Slash,East Blue,"[Blocker] (After your opponent declares an attack, you may rest this card to make it the new target of the attack.) [Opponent's Turn] If you have 20 or less cards in your deck, this Character gains +3000 power.",,kankurou,1,not legal,legal
OP03-046,,Character,Blue,2,,4000,1000,Wisdom,East Blue,,,touge369,1,not legal,legal
OP03-047,,Character,Blue,5,,6000,1000,Strike,East Blue,"[DON!! x1] When this Character's attack deals damage to your opponent's Life, you may trash 7 cards from the top of your deck. [On Play] You may return up to 1 Character with a cost of 3 or less to the owner's hand, and you may trash 2 cards from the top of your deck.",,,1,not legal,legal
OP03-047p1,Alternate Art,Character,Blue,5,,6000,1000,Strike,East Blue,"[DON!! x1] When this Character's attack deals damage to your opponent's Life, you may trash 7 cards from the top of your deck. [On Play] You may return up to 1 Character with a cost of 3 or less to the owner's hand, and you may trash 2 cards from the top of your deck.",,Mitsuaki Matsumoto,1,not legal,legal
OP03-048,,Character,Blue,2,,0,1000,Wisdom,East Blue,"[On Play] If your Leader is [Nami], return up to 1 of your opponent's Characters with a cost of 5 or less to the owner's hand.",,Hatori Kyoka,4,legal,legal
OP03-049,,Character,Blue,3,,5000,,Slash,East Blue,"[On Play] If you have 20 or less cards in your deck, return up to 1 Character with a cost of 3 or less to the owner's hand.",,kankurou,1,not legal,legal
OP03-050,,Character,Blue,2,,0,1000,Wisdom,East Blue,"[Blocker] (After your opponent declares an attack, you may rest this card to make it the new target of the attack.) [On K.O.] You may trash 1 card from the top of your deck.",,Nijihayashi,1,not legal,legal
OP03-051,,Character,Blue,4,,5000,1000,Ranged,East Blue/Former Navy,"[DON!! x1] When this Character's attack deals damage to your opponent's Life, you may trash 7 cards from the top of your deck. [On K.O.] You may trash 3 cards from the top of your deck.",,Hashimoto Q,1,not legal,legal
OP03-052,,Character,Blue,1,,3000,1000,Wisdom,East Blue,,,Akihiro MIYANO,1,not legal,legal
OP03-053,,Character,Blue,1,,3000,,Slash,East Blue,"[DON!! x1] If you have 20 or less cards in your deck, this Character gains +2000 power.",,TAPIOCA,1,not legal,legal
OP03-054,,Event,Blue,1,,,,,East Blue/Straw Hat Crew,"[Counter] Up to 1 of your Leader or Character cards gains +2000 power during this battle. Then, you may trash 1 card from the top of your deck. [Trigger] Draw 1 card and you may trash 1 card from the top of your deck.",,,1,not legal,legal
OP03-055,,Event,Blue,1,,,,,East Blue/Straw Hat Crew,"[Counter] You may trash 1 card from your hand: Up to 1 of your Leader gains +4000 power during this battle. Then, you may trash 2 cards from the top of your deck. [Trigger] Return up to 1 Character with a cost of 4 or less to the owner's hand.",,,1,not legal,legal
OP03-056,,Event,Blue,3,,,,,East Blue,[Main] Draw 2 cards. [Trigger] Activate this card's [Main] effect.,,,1,not legal,legal
OP03-057,,Event,Blue,4,,,,,East Blue/Straw Hat Crew,[Main] Place up to 1 Character with a cost of 5 or less at the bottom of the owner's deck. [Trigger] Place up to 1 Character with a cost of 3 or less at the bottom of the owner's deck.,,,1,not legal,legal
OP03-058,,Leader,Purple,,5,5000,,Wisdom,Water Seven/Galley-La Company,This Leader cannot attack. [Activate: Main] DON!! −1 (You may return the specified number of DON!! cards from your field to your DON!! deck.) You may rest this Leader: Play up to 1 {Galley-La Company} type Character card with a cost of 5 or less from your hand.,,,1,not legal,legal
OP03-058p1,Alternate Art,Leader,Purple,,5,5000,,Wisdom,Water Seven/Galley-La Company,This Leader cannot attack. [Activate: Main] DON!! −1 (You may return the specified number of DON!! cards from your field to your DON!! deck.) You may rest this Leader: Play up to 1 {Galley-La Company} type Character card with a cost of 5 or less from your hand.,,Anderson,1,not legal,legal
OP03-059,,Character,Purple,5,,6000,1000,Slash,Water Seven/Galley-La Company,"[When Attacking] DON!! −1 (You may return the specified number of DON!! cards from your field to your DON!! deck.): This Character gains [Banish] during this battle. (When this card deals damage, the target card is trashed without activating its Trigger.)",,Nijihayashi,1,not legal,legal
OP03-060,,Character,Purple,4,,4000,2000,Wisdom,Water Seven/Galley-La Company,[When Attacking] DON!! −1 (You may return the specified number of DON!! cards from your field to your DON!! deck.): Draw 2 cards and trash 1 card from your hand.,,Sunohara,1,not legal,legal
OP03-061,,Character,Purple,2,,4000,1000,Slash,Water Seven/The Franky Family,,,Hashimoto Q,1,not legal,legal
OP03-062,,Character,Purple,1,,2000,1000,Wisdom,Merfolk/Water Seven,"[On Play] Look at 5 cards from the top of your deck; reveal up to 1 {Water Seven} type card other than [Kokoro] and add it to your hand. Then, place the rest at the bottom of your deck in any order.",,,1,not legal,legal
OP03-063,,Character,Purple,3,,2000,,Slash,Water Seven/The Franky Family,"[Blocker] (After your opponent declares an attack, you may rest this card to make it the new target of the attack.) [On Play] DON!! −1 (You may return the specified number of DON!! cards from your field to your DON!! deck.): If your Leader has the {Water Seven} type, draw 1 card.",,,1,not legal,legal
OP03-064,,Character,Purple,5,,6000,1000,Strike,Water Seven/Galley-La Company,"[On K.O.] If your Leader has the {Galley-La Company} type, add up to 1 DON!! card from your DON!! deck and rest it.",,HISASHI HUJIWARA,1,not legal,legal
OP03-065,,Character,Purple,2,,2000,1000,Wisdom,Animal/Water Seven,"[Blocker] (After your opponent declares an attack, you may rest this card to make it the new target of the attack.)",,Suzume Muraichi,1,not legal,legal
OP03-066,,Character,Purple,5,,6000,,Strike,Water Seven/Galley-La Company,"[On Play] ➁ (You may rest the specified number of DON!! cards in your cost area.): Add up to 1 DON!! card from your DON!! deck and set it as active. Then, if you have 8 or more DON!! cards on your field, K.O. up to 1 of your opponent's Characters with a cost of 4 or less.",,touge369,1,not legal,legal
OP03-066p1,Alternate Art,Character,Purple,5,,6000,,Strike,Water Seven/Galley-La Company,"[On Play] ➁ (You may rest the specified number of DON!! cards in your cost area.): Add up to 1 DON!! card from your DON!! deck and set it as active. Then, if you have 8 or more DON!! cards on your field, K.O. up to 1 of your opponent's Characters with a cost of 4 or less.",,BISAI,1,not legal,legal
OP03-067,,Character,Purple,5,,5000,1000,Ranged,Water Seven/Galley-La Company,"[DON!! x1] [When Attacking] If your Leader has the {Galley-La Company} type, add up to 1 DON!! card from your DON!! deck and rest it.",,HISASHI HUJIWARA,1,not legal,legal
OP03-068,,Character,Purple,4,,5000,1000,Strike,Impel Down/Jailer Beast,"[Banish] (When this card deals damage, the target card is trashed without activating its Trigger.) [On K.O.] If your Leader has the {Impel Down} type, add up to 1 DON!! card from your DON!! deck and rest it.",,shosuke,1,not legal,legal
OP03-069,,Character,Purple,3,,5000,,Strike,Impel Down/Jailer Beast,"[On K.O.] If your Leader has the {Impel Down} type, draw 2 cards and trash 1 card from your hand.",,HISASHI HUJIWARA,1,not legal,legal
OP03-070,,Character,Purple,6,,7000,,Strike,Water Seven/Straw Hat Crew,[On Play] DON!! −1 (You may return the specified number of DON!! cards from your field to your DON!! deck.) You may trash 1 Character card with a cost of 5 from your hand: This Character gains [Rush] during this turn. (This card can attack on the turn in which it is played.),,Nekobayashi,1,not legal,legal
OP03-071,,Character,Purple,5,,6000,1000,Strike,Water Seven/Galley-La Company,[When Attacking] DON!! −1 (You may return the specified number of DON!! cards from your field to your DON!! deck.): Rest up to 1 of your opponent's Characters with a cost of 5 or less.,,Denim2,1,not legal,legal
OP03-072,,Event,Purple,0,,,,,Water Seven/Straw Hat Crew,[Counter] You may trash 1 card from your hand: Up to 1 of your Leader or Character cards gains +3000 power during this battle. [Trigger] Add up to 1 DON!! card from your DON!! deck and set it as active.,,,4,legal,legal
OP03-073,,Event,Purple,1,,,,,Water Seven/The Franky Family,"[Main] DON!! -1 (You may return the specified number of DON!! cards from your field to your DON!! deck.): If your Leader has the {Water Seven} type, K.O. up to 1 of your opponent's Characters with a cost of 2 or less. [Trigger] Activate this card's [Main] effect.",,,1,not legal,legal
OP03-074,,Event,Purple,2,,,,,Water Seven/Galley-La Company,[Main] DON!! -2 (You may return the specified number of DON!! cards from your field to your DON!! deck.): Place up to 1 of your opponent's Characters with a cost of 4 or less at the bottom of the owner's deck. [Trigger] Activate this card's [Main] effect.,,,1,not legal,legal
OP03-075,,Stage,Purple,3,,,,,Water Seven/Galley-La Company,"[Activate: Main] You may rest this Stage: If your Leader is [Iceburg], add up to 1 DON!! card from your DON!! deck and rest it.",,,1,not legal,legal
OP03-076,,Leader,Black,,5,5000,,Strike,CP9,"[Your Turn] [Once Per Turn] You may trash 2 cards from your hand: When your opponent's Character is K.O.'d, set this Leader as active.",,,1,not legal,legal
OP03-076p1,Alternate Art,Leader,Black,,5,5000,,Strike,CP9,"[Your Turn] [Once Per Turn] You may trash 2 cards from your hand: When your opponent's Character is K.O.'d, set this Leader as active.",,Anderson,1,not legal,legal
OP03-077,,Leader,Black/Yellow,,4,5000,,Special,The Four Emperors/Big Mom Pirates,"[DON!! x2] [When Attacking] ② (You may rest the specified number of DON!! cards in your cost area.) You may trash 1 card from your hand: If you have 1 or less Life cards, add up to 1 card from the top of your deck to the top of your Life cards.",,,1,not legal,legal
OP03-077p1,Alternate Art,Leader,Black/Yellow,,4,5000,,Special,The Four Emperors/Big Mom Pirates,"[DON!! x2] [When Attacking] ② (You may rest the specified number of DON!! cards in your cost area.) You may trash 1 card from your hand: If you have 1 or less Life cards, add up to 1 card from the top of your deck to the top of your Life cards.",,Anderson,1,not legal,legal
OP03-078,,Character,Black,8,,9000,,Slash,Navy,"[DON!! x1] [Your Turn] Give all of your opponent's Characters −3 cost. [On Play] If your opponent has 6 or more cards in their hand, trash 2 cards from your opponent's hand.",,nukadokomogera,1,not legal,legal
OP03-078p1,Alternate Art,Character,Black,8,,9000,,Slash,Navy,"[DON!! x1] [Your Turn] Give all of your opponent's Characters −3 cost. [On Play] If your opponent has 6 or more cards in their hand, trash 2 cards from your opponent's hand.",,Studio Vigor Co. Ltd,1,not legal,legal
OP03-079,,Character,Black,5,,5000,2000,Strike,Navy/Donquixote Pirates,[DON!! x1] This Character cannot be K.O.'d in battle.,,shosuke,1,not legal,legal
OP03-080,,Character,Black,5,,6000,1000,Slash,CP9,"[On Play] You may place 2 cards with a type including ""CP"" from your trash at the bottom of your deck in any order: K.O. up to 1 of your opponent's Characters with a cost of 3 or less.",,SENNSU,1,not legal,legal
OP03-080p1,Alternate Art,Character,Black,5,,6000,1000,Slash,CP9,"[On Play] You may place 2 cards with a type including ""CP"" from your trash at the bottom of your deck in any order: K.O. up to 1 of your opponent's Characters with a cost of 3 or less.",,Studio Vigor Co. Ltd,1,not legal,legal
OP03-081,,Character,Black,4,,4000,2000,Special,CP9,"[On Play] Draw 2 cards and trash 2 cards from your hand. Then, give up to 1 of your opponent's Characters −2 cost during this turn.",,phima,1,not legal,legal
OP03-081p1,Alternate Art,Character,Black,4,,4000,2000,Special,CP9,"[On Play] Draw 2 cards and trash 2 cards from your hand. Then, give up to 1 of your opponent's Characters −2 cost during this turn.",,Hashimoto Q,1,not legal,legal
OP03-082,,Character,Black,4,,6000,1000,Strike,CP9,,,Nekobayashi,1,not legal,legal
OP03-083,,Character,Black,1,,0,1000,Wisdom,World Government,"[On Play] Look at 5 cards from the top of your deck and trash up to 2 cards. Then, place the rest at the bottom of your deck in any order.",,,1,not legal,legal
OP03-084,,Character,Black,2,,4000,1000,Strike,CP6,,,Misa Tsutsui,1,not legal,legal
OP03-085,,Character,Black,5,,7000,1000,Strike,CP9,,,Akihiro MIYANO,1,not legal,legal
OP03-086,,Character,Black,1,,2000,1000,Slash,CP9,"[On Play] If your Leader's type includes ""CP"", look at 3 cards from the top of your deck; reveal up to 1 card with a type including ""CP"" other than [Spandam] and add it to your hand. Then, trash the rest.",,DAI-XT.,1,not legal,legal
OP03-086p1,Alternate Art,Character,Black,1,,2000,1000,Slash,CP9,"[On Play] If your Leader's type includes ""CP"", look at 3 cards from the top of your deck; reveal up to 1 card with a type including ""CP"" other than [Spandam] and add it to your hand. Then, trash the rest.",,Misa Matoki,1,not legal,legal
OP03-087,,Character,Black,3,,5000,1000,Ranged,CP9,,,NIJIMAARC,1,not legal,legal
OP03-088,,Character,Black,3,,3000,1000,Strike,CP9,"This Character cannot be K.O.'d by effects. [Blocker] (After your opponent declares an attack, you may rest this card to make it the new target of the attack.)",,kankurou,1,not legal,legal
OP03-089,,Character,Black,2,,3000,1000,Wisdom,Navy,"[On Play] Look at 3 cards from the top of your deck; reveal up to 1 {Navy} type card other than [Brannew] and add it to your hand. Then, trash the rest.",,HISASHI HUJIWARA,1,not legal,legal
OP03-090,,Character,Black,5,,6000,1000,Strike,CP9,"[DON!! x1] This Character gains [Blocker]. (After your opponent declares an attack, you may rest this card to make it the new target of the attack.) [On K.O.] Play up to 1 Character card with a type including ""CP"" and a cost of 4 or less from your trash rested.",,Hayaken-sarena,1,not legal,legal
OP03-091,,Character,Black,1,,0,1000,Wisdom,Navy,[On Play] Set the cost of up to 1 of your opponent's Characters with no base effect to 0 during this turn.,,Sunohara,1,not legal,legal
OP03-092,,Character,Black,6,,7000,,Strike,CP9,"[On Play] You may place 2 cards with a type including ""CP"" from your trash at the bottom of your deck in any order: This Character gains [Rush] during this turn. (This card can attack on the turn in which it is played.)",,otumami,1,not legal,legal
OP03-092p1,Alternate Art,Character,Black,6,,7000,,Strike,CP9,"[On Play] You may place 2 cards with a type including ""CP"" from your trash at the bottom of your deck in any order: This Character gains [Rush] during this turn. (This card can attack on the turn in which it is played.)",,AKIRA EGAWA,1,not legal,legal
OP03-093,,Character,Black,2,,4000,,Slash,CP7,"[On Play] You may trash 1 card from your hand: If your Leader's type includes ""CP"", K.O. up to 1 of your opponent's Characters with a cost of 1 or less.",,Nekobayashi,1,not legal,legal
OP03-094,,Event,Black,4,,,,,CP9,"[Main] If your Leader's type includes ""CP"", look at 5 cards from the top of your deck; play up to 1 Character card with a type including ""CP"" and a cost of 5 or less. Then, trash the rest. [Trigger] Play up to 1 black Character card with a cost of 3 or less from your trash.",,,1,not legal,legal
OP03-095,,Event,Black,1,,,,,CP9,[Main] Give up to 2 of your opponent's Characters -2 cost during this turn. [Trigger] Your opponent trashes 1 card from their hand.,,,1,not legal,legal
OP03-096,,Event,Black,2,,,,,CP9,[Main] K.O. up to 1 of your opponent's Characters with a cost of 0 or your opponent's Stages with a cost of 3 or less. [Trigger] Draw 2 cards.,,,1,not legal,legal
OP03-097,,Event,Black,0,,,,,CP9,"[Counter] You may trash 1 card from your hand: Up to 1 of your Leader or Character cards gains +3000 power during this battle. [Trigger] Draw 1 card. Then, K.O. up to 1 of your opponent's Characters with a cost of 1 or less.",,,4,legal,legal
OP03-098,,Stage,Black,2,,,,,World Government,"[Activate: Main] You may rest this Stage: If your Leader's type includes ""CP"", give up to 1 of your opponent's Characters -2 cost during this turn. [Trigger] Play this card.",,,1,not legal,legal
OP03-099,,Leader,Yellow,,5,5000,,Strike,Big Mom Pirates,"[DON!! x1] [When Attacking] Look at up to 1 card from the top of your or your opponent's Life cards, and place it at the top or bottom of the Life cards. Then, this Leader gains +1000 power during this battle.",,,1,not legal,legal
OP03-099p1,Alternate Art,Leader,Yellow,,5,5000,,Strike,Big Mom Pirates,"[DON!! x1] [When Attacking] Look at up to 1 card from the top of your or your opponent's Life cards, and place it at the top or bottom of the Life cards. Then, this Leader gains +1000 power during this battle.",,Anderson,1,not legal,legal
OP03-100,,Character,Yellow,3,,5000,,Strike,Big Mom Pirates/Homies,,[Trigger] You may trash 1 card from the top or bottom of your Life cards: Play this card.,KISUKE,1,not legal,legal
OP03-101,,Character,Yellow,1,,3000,1000,Wisdom,Merfolk,,,,1,not legal,legal
OP03-102,,Character,Yellow,2,,3000,2000,Strike,The Vinsmoke Family,[DON!! x2] [When Attacking] You may add 1 card from the top or bottom of your Life cards to your hand: Add up to 1 card from the top of your deck to the top of your Life cards.,,SHIE NANAHARA,1,not legal,legal
OP03-103,,Character,Yellow,2,,4000,1000,Slash,Big Mom Pirates,,,kankurou,1,not legal,legal
OP03-104,,Character,Yellow,3,,3000,1000,Wisdom,Merfolk,"[Blocker] (After your opponent declares an attack, you may rest this card to make it the new target of the attack.) [On Play] Look at up to 1 card from the top of your or your opponent's Life cards, and place it at the top or bottom of the Life cards.",,jugemt,1,not legal,legal
OP03-105,,Character,Yellow,3,,4000,1000,Special,Big Mom Pirates,[DON!! x1] [When Attacking] You may trash 1 card with a [Trigger] from your hand: This Character gains +3000 power during this battle.,,,1,not legal,legal
OP03-106,,Character,Yellow,4,,6000,1000,Special,Big Mom Pirates,,,Nekobayashi,1,not legal,legal
OP03-107,,Character,Yellow,2,,2000,1000,Special,Big Mom Pirates,"[Blocker] (After your opponent declares an attack, you may rest this card to make it the new target of the attack.)",,phima,1,not legal,legal
OP03-108,,Character,Yellow,4,,5000,1000,Slash,Big Mom Pirates,"[DON!! x1] If you have less Life cards than your opponent, this Character gains [Double Attack] and +1000 power. (This card deals 2 damage.) [Trigger] You may trash 1 card from your hand: Play this card.",,Misa Tsutsui,1,not legal,legal
OP03-108p1,Alternate Art,Character,Yellow,4,,5000,1000,Slash,Big Mom Pirates,"[DON!! x1] If you have less Life cards than your opponent, this Character gains [Double Attack] and +1000 power. (This card deals 2 damage.) [Trigger] You may trash 1 card from your hand: Play this card.",,Koushi Rokushiro,1,not legal,legal
OP03-109,,Character,Yellow,2,,3000,,Wisdom,Big Mom Pirates,[On Play] You may trash 1 card from the top or bottom of your Life cards: Add up to 1 card from the top of your deck to the top of your Life cards.,,kankurou,1,not legal,legal
OP03-110,,Character,Yellow,4,,5000,1000,Special,Big Mom Pirates,[When Attacking] You may add 1 card from the top or bottom of your Life cards to your hand: This Character gains +2000 power during this battle. [Trigger] You may trash 1 card from your hand: Play this card.,,NIJIMAARC,1,not legal,legal
OP03-111,,Character,Yellow,3,,5000,1000,Wisdom,Merfolk/The Sun Pirates,,,Hatori Kyoka,1,not legal,legal
OP03-112,,Character,Yellow,1,,2000,1000,Wisdom,Big Mom Pirates,"[On Play] Look at 4 cards from the top of your deck; reveal up to 1 [Sanji] or {Big Mom Pirates} type card other than [Charlotte Pudding] and add it to your hand. Then, place the rest at the bottom of your deck in any order.",,Hashimoto Q,1,not legal,legal
OP03-112p1,Alternate Art,Character,Yellow,1,,2000,1000,Wisdom,Big Mom Pirates,"[On Play] Look at 4 cards from the top of your deck; reveal up to 1 [Sanji] or {Big Mom Pirates} type card other than [Charlotte Pudding] and add it to your hand. Then, place the rest at the bottom of your deck in any order.",,Sunohara,1,not legal,legal
OP03-113,,Character,Yellow,3,,5000,,Special,Big Mom Pirates,"[On K.O.] Look at 3 cards from the top of your deck; reveal up to 1 {Big Mom Pirates} type card and add it to your hand. Then, place the rest at the bottom of your deck in any order. [Trigger] You may trash 1 card from your hand: Play this card.",,DAI-XT.,1,not legal,legal
OP03-113p1,Alternate Art,Character,Yellow,3,,5000,,Special,Big Mom Pirates,"[On K.O.] Look at 3 cards from the top of your deck; reveal up to 1 {Big Mom Pirates} type card and add it to your hand. Then, place the rest at the bottom of your deck in any order. [Trigger] You may trash 1 card from your hand: Play this card.",,BISAI,1,not legal,legal
OP03-114,,Character,Yellow,10,,12000,,Special,The Four Emperors/Big Mom Pirates,"[On Play] If your Leader has the {Big Mom Pirates} type, add up to 1 card from the top of your deck to the top of your Life cards. Then, trash up to 1 card from the top of your opponent's Life cards.",,Yosuke Adachi,1,not legal,legal
OP03-114p1,Alternate Art,Character,Yellow,10,,12000,,Special,The Four Emperors/Big Mom Pirates,"[On Play] If your Leader has the {Big Mom Pirates} type, add up to 1 card from the top of your deck to the top of your Life cards. Then, trash up to 1 card from the top of your opponent's Life cards.",,Hayaken-sarena,1,not legal,legal
OP03-115,,Character,Yellow,1,,1000,2000,Slash,Big Mom Pirates,[On Play] You may trash 1 card with a [Trigger] from your hand: K.O. up to 1 of your opponent's Characters with a cost of 1 or less.,,,1,not legal,legal
OP03-116,,Character,Yellow,5,,0,1000,Wisdom,Merfolk,[On Play] Draw 3 cards and trash 2 cards from your hand. [Trigger] Play this card.,,nuisuke,1,not legal,legal
OP03-117,,Character,Yellow,3,,3000,1000,Slash,Big Mom Pirates/Homies,[Activate: Main] You may rest this Character: Up to 1 of your [Charlotte Linlin] cards gains +1000 power until the start of your next turn. [Trigger] Play this card.,,Misa Matoki,1,not legal,legal
OP03-118,,Event,Yellow,2,,,,,The Four Emperors/Big Mom Pirates,[Counter] Up to 1 of your Leader or Character cards gains +5000 power during this battle. [Trigger] You may trash 2 cards from your hand: Add up to 1 card from the top of your deck to the top of your Life cards.,,,1,not legal,legal
OP03-119,,Event,Yellow,2,,,,,Big Mom Pirates,"[Main] If you have less Life cards than your opponent, K.O. up to 1 of your opponent's Characters with a cost of 4 or less. [Trigger] Play up to 1 Character card with a cost of 4 or less and a [Trigger] from your hand.",,,1,not legal,legal
OP03-120,,Event,Yellow,3,,,,,Big Mom Pirates,"[Main] If your opponent has 4 or more Life cards, trash up to 1 card from the top of your opponent's Life cards. [Trigger] Activate this card's [Main] effect.",,,1,not legal,legal
OP03-121,,Event,Yellow,2,,,,,The Four Emperors/Big Mom Pirates,[Main] You may trash 1 card from the top of your Life cards: K.O. up to 1 of your opponent's Characters with a cost of 5 or less. [Trigger] K.O. up to 1 of your opponent's Characters with a cost of 5 or less.,,,1,not legal,legal
OP03-122,,Character,Blue,7,,6000,1000,Ranged,Sniper Island,"Also treat this card's name as [Usopp] according to the rules. [On Play] Return up to 1 Character with a cost of 6 or less to the owner's hand. Then, draw 2 cards and trash 2 cards from your hand.",,,1,legal,legal
OP03-122p1,Alternate Art,Character,Blue,7,,6000,1000,Ranged,Sniper Island,"Also treat this card's name as [Usopp] according to the rules. [On Play] Return up to 1 Character with a cost of 6 or less to the owner's hand. Then, draw 2 cards and trash 2 cards from your hand.",,Ryuda,1,legal,legal
OP03-122p2,Manga Art,Character,Blue,7,,6000,1000,Ranged,Sniper Island,"Also treat this card's name as [Usopp] according to the rules. [On Play] Return up to 1 Character with a cost of 6 or less to the owner's hand. Then, draw 2 cards and trash 2 cards from your hand.",,,,legal,legal
OP03-123,,Character,Yellow,8,,8000,,Strike,Big Mom Pirates,[On Play] Add up to 1 Character with a cost of 8 or less to the top or bottom of the owner's Life cards face-up.,,Studio Vigor Co. Ltd,1,not legal,legal
OP03-123p1,Alternate Art,Character,Yellow,8,,8000,,Strike,Big Mom Pirates,[On Play] Add up to 1 Character with a cost of 8 or less to the top or bottom of the owner's Life cards face-up.,,Makitoshi,1,not legal,legal
