card_number,set_code,tcgplayer_product_id
EB01-001,EB-01,544523
EB01-001p1,EB-01,544524
EB01-002,EB-01,544525
EB01-003,EB-01,544526
EB01-003p1,EB-01,544527
EB01-004,EB-01,544528
EB01-005,EB-01,544529
EB01-006,EB-01,544530
EB01-006p1,EB-01,544531
EB01-006p2,EB-01,544532
EB01-007,EB-01,544533
EB01-008,EB-01,544534
EB01-009,EB-01,544535
EB01-010,EB-01,544536
EB01-011,EB-01,544537
EB01-012,EB-01,544538
EB01-012p1,EB-01,544539
EB01-013,EB-01,544540
EB01-013p1,EB-01,544541
EB01-014,EB-01,544542
EB01-015,EB-01,544543
EB01-016,EB-01,544544
EB01-017,EB-01,544545
EB01-018,EB-01,544546
EB01-019,EB-01,544547
EB01-020,EB-01,544548
EB01-021,EB-01,544549
EB01-021p1,EB-01,544550
EB01-022,EB-01,544551
EB01-022p1,EB-01,544552
EB01-023,EB-01,544553
EB01-024,EB-01,544554
EB01-025,EB-01,544555
EB01-026,EB-01,544556
EB01-027,EB-01,544557
EB01-027p1,EB-01,544558
EB01-028,EB-01,544559
EB01-029,EB-01,544560
EB01-030,EB-01,544561
EB01-031,EB-01,544562
EB01-031p1,EB-01,544563
EB01-032,EB-01,544564
EB01-033,EB-01,544565
EB01-034,EB-01,544566
EB01-034p1,EB-01,544567
EB01-035,EB-01,544568
EB01-036,EB-01,544569
EB01-037,EB-01,544570
EB01-038,EB-01,544571
EB01-039,EB-01,544572
EB01-040,EB-01,544573
EB01-040p1,EB-01,544574
EB01-041,EB-01,544575
EB01-042,EB-01,544576
EB01-043,EB-01,544577
EB01-044,EB-01,544578
EB01-045,EB-01,544579
EB01-046,EB-01,544580
EB01-046p1,EB-01,544581
EB01-047,EB-01,544582
EB01-048,EB-01,544583
EB01-048p1,EB-01,544584
EB01-049,EB-01,544585
EB01-049p1,EB-01,544586
EB01-050,EB-01,544587
EB01-051,EB-01,544588
EB01-052,EB-01,544589
EB01-052p1,EB-01,544590
EB01-053,EB-01,544591
EB01-054,EB-01,544592
EB01-055,EB-01,544593
EB01-056,EB-01,544594
EB01-056p1,EB-01,544595
EB01-057,EB-01,544596
EB01-057p1,EB-01,544597
EB01-058,EB-01,544598
EB01-059,EB-01,544599
EB01-060,EB-01,544600
EB01-061,EB-01,544601
EB01-061p1,EB-01,544602
EB02-001,EB-02,629089
EB02-002,EB-02,629090
EB02-003,EB-02,629091
EB02-003p1,EB-02,629092
EB02-004,EB-02,629093
EB02-005,EB-02,629094
EB02-006,EB-02,629095
EB02-006p1,EB-02,629096
EB02-007,EB-02,629097
EB02-008,EB-02,629098
EB02-009,EB-02,629099
EB02-010,EB-02,629100
EB02-010p1,EB-02,629101
EB02-011,EB-02,629102
EB02-011p1,EB-02,629103
EB02-012,EB-02,629104
EB02-013,EB-02,629105
EB02-014,EB-02,629106
EB02-015,EB-02,629107
EB02-015p1,EB-02,629108
EB02-016,EB-02,629109
EB02-017,EB-02,629110
EB02-017p1,EB-02,629111
EB02-018,EB-02,629112
EB02-019,EB-02,629113
EB02-020,EB-02,629114
EB02-021,EB-02,629115
EB02-022,EB-02,629116
EB02-022p1,EB-02,629117
EB02-023,EB-02,629118
EB02-024,EB-02,629119
EB02-025,EB-02,629120
EB02-026,EB-02,629121
EB02-026p1,EB-02,629122
EB02-027,EB-02,629123
EB02-028,EB-02,629124
EB02-029,EB-02,629125
EB02-030,EB-02,629126
EB02-031,EB-02,629127
EB02-032,EB-02,629128
EB02-033,EB-02,629129
EB02-034,EB-02,629130
EB02-035,EB-02,629131
EB02-035p1,EB-02,629132
EB02-036,EB-02,629133
EB02-036p1,EB-02,629134
EB02-037,EB-02,629135
EB02-038,EB-02,629136
EB02-039,EB-02,629137
EB02-040,EB-02,629138
EB02-041,EB-02,629139
EB02-042,EB-02,629140
EB02-043,EB-02,629141
EB02-044,EB-02,629142
EB02-044p1,EB-02,629143
EB02-045,EB-02,629144
EB02-045p1,EB-02,629145
EB02-046,EB-02,629146
EB02-047,EB-02,629147
EB02-048,EB-02,629148
EB02-048p1,EB-02,629149
EB02-049,EB-02,629150
EB02-050,EB-02,629151
EB02-051,EB-02,629152
EB02-052,EB-02,629153
EB02-052p1,EB-02,629154
EB02-053,EB-02,629155
EB02-054,EB-02,629156
EB02-054p1,EB-02,629157
EB02-055,EB-02,629158
EB02-056,EB-02,629159
EB02-056p1,EB-02,629160
EB02-057,EB-02,629161
EB02-058,EB-02,629162
EB02-059,EB-02,629163
EB02-060,EB-02,629164
EB02-061,EB-02,629165
EB02-061p1,EB-02,629166
EB02-061p2,EB-02,629167
EB03-001,EB-03,672739
EB03-001p1,EB-03,672740
EB03-002,EB-03,672741
EB03-003,EB-03,672742
EB03-003p1,EB-03,672743
EB03-003p2,EB-03,672820
EB03-004,EB-03,672744
EB03-005,EB-03,672745
EB03-006,EB-03,672746
EB03-007,EB-03,672747
EB03-008,EB-03,672748
EB03-008p1,EB-03,672749
EB03-009,EB-03,672750
EB03-010,EB-03,672751
EB03-011,EB-03,672752
EB03-012,EB-03,672753
EB03-013,EB-03,672754
EB03-013p1,EB-03,672755
EB03-014,EB-03,672756
EB03-015,EB-03,672757
EB03-016,EB-03,672758
EB03-017,EB-03,672759
EB03-018,EB-03,672760
EB03-018p1,EB-03,672761
EB03-018p2,EB-03,672821
EB03-019,EB-03,672762
EB03-020,EB-03,672763
EB03-021,EB-03,672764
EB03-022,EB-03,672765
EB03-023,EB-03,672766
EB03-024,EB-03,672767
EB03-024p1,EB-03,672768
EB03-024p2,EB-03,672822
EB03-025,EB-03,672769
EB03-025p1,EB-03,672770
EB03-026,EB-03,672771
EB03-026p1,EB-03,672772
EB03-026p2,EB-03,672823
EB03-027,EB-03,672773
EB03-028,EB-03,672774
EB03-029,EB-03,672775
EB03-030,EB-03,672776
EB03-031,EB-03,672777
EB03-031p1,EB-03,672778
EB03-031p2,EB-03,672824
EB03-032,EB-03,672779
EB03-033,EB-03,672780
EB03-034,EB-03,672781
EB03-034p1,EB-03,672782
EB03-035,EB-03,672783
EB03-036,EB-03,672784
EB03-037,EB-03,672785
EB03-038,EB-03,672786
EB03-039,EB-03,672787
EB03-040,EB-03,672788
EB03-041,EB-03,672789
EB03-041p1,EB-03,672790
EB03-042,EB-03,672791
EB03-042p1,EB-03,672792
EB03-042p2,EB-03,672825
EB03-043,EB-03,672793
EB03-044,EB-03,672794
EB03-045,EB-03,672795
EB03-045p1,EB-03,672796
EB03-045p2,EB-03,672826
EB03-046,EB-03,672797
EB03-047,EB-03,672798
EB03-048,EB-03,672799
EB03-049,EB-03,672800
EB03-050,EB-03,672801
EB03-051,EB-03,672802
EB03-052,EB-03,672803
EB03-053,EB-03,672804
EB03-053p1,EB-03,672805
EB03-053p2,EB-03,672827
EB03-054,EB-03,672806
EB03-055,EB-03,672807
EB03-055p1,EB-03,672808
EB03-055p2,EB-03,672828
EB03-056,EB-03,672809
EB03-057,EB-03,672810
EB03-057p1,EB-03,672811
EB03-058,EB-03,672812
EB03-059,EB-03,672813
EB03-060,EB-03,672814
EB03-061,EB-03,672815
EB03-061p1,EB-03,672816
EB03-061p2,EB-03,672817
EB03-062,EB-03,672818
EB03-062p1,EB-03,672819
EB04-001,EB-04,685295
EB04-001p1,EB-04,685296
EB04-002,EB-04,685297
EB04-002p1,EB-04,685298
EB04-003,EB-04,685299
EB04-003p1,EB-04,685482
EB04-004,EB-04,685300
EB04-005,EB-04,685301
EB04-006,EB-04,685302
EB04-007,EB-04,685303
EB04-007p1,EB-04,685304
EB04-007p2,EB-04,705991
EB04-008,EB-04,685305
EB04-009,EB-04,685306
EB04-010,EB-04,685307
EB04-011,EB-04,671329
EB04-012,EB-04,668644
EB04-012p1,EB-04,668645
EB04-013,EB-04,668658
EB04-013p1,EB-04,668659
EB04-014,EB-04,671330
EB04-015,EB-04,666534
EB04-016,EB-04,671331
EB04-017,EB-04,671332
EB04-018,EB-04,671333
EB04-018p1,EB-04,666532
EB04-019,EB-04,666535
EB04-020,EB-04,671334
EB04-021,EB-04,671335
EB04-022,EB-04,671336
EB04-022p1,EB-04,666537
EB04-023,EB-04,668529
EB04-024,EB-04,671337
EB04-025,EB-04,668670
EB04-025p1,EB-04,668671
EB04-026,EB-04,671338
EB04-027,EB-04,668528
EB04-028,EB-04,671339
EB04-029,EB-04,671340
EB04-030,EB-04,666539
EB04-031,EB-04,671341
EB04-031p1,EB-04,666540
EB04-032,EB-04,671342
EB04-033,EB-04,671343
EB04-034,EB-04,671344
EB04-035,EB-04,671345
EB04-036,EB-04,668753
EB04-036p1,EB-04,668752
EB04-037,EB-04,671346
EB04-038,EB-04,669239
EB04-038p1,EB-04,669240
EB04-039,EB-04,671347
EB04-039p1,EB-04,671450
EB04-040,EB-04,671348
EB04-041,EB-04,668420
EB04-042,EB-04,685308
EB04-043,EB-04,685309
EB04-043p1,EB-04,685310
EB04-044,EB-04,685311
EB04-044p1,EB-04,685312
EB04-044p2,EB-04,685313
EB04-045,EB-04,685314
EB04-046,EB-04,685315
EB04-047,EB-04,685316
EB04-048,EB-04,685317
EB04-048p1,EB-04,685318
EB04-049,EB-04,685319
EB04-050,EB-04,685320
EB04-051,EB-04,685321
EB04-052,EB-04,685322
EB04-052p1,EB-04,685323
EB04-053,EB-04,685324
EB04-054,EB-04,685325
EB04-054p1,EB-04,695509
EB04-055,EB-04,685326
EB04-056,EB-04,685327
EB04-057,EB-04,685328
EB04-058,EB-04,685329
EB04-058p1,EB-04,685330
EB04-059,EB-04,685331
EB04-060,EB-04,685332
EB04-061,EB-04,685333
EB04-061p1,EB-04,685334
OP01-001,OP-01,454512
OP01-001p1,OP-01,454513
OP01-002,OP-01,453505
OP01-002p1,OP-01,454514
OP01-003,OP-01,454515
OP01-003p1,OP-01,453506
OP01-004,OP-01,454516
OP01-005,OP-01,454517
OP01-006,OP-01,454518
OP01-007,OP-01,454519
OP01-008,OP-01,454520
OP01-008p1,OP-01,453507
OP01-009,OP-01,454522
OP01-010,OP-01,454525
OP01-011,OP-01,454526
OP01-012,OP-01,454527
OP01-013,OP-01,454529
OP01-013p1,OP-01,454530
OP01-014,OP-01,454532
OP01-015,OP-01,454533
OP01-016,OP-01,454534
OP01-016p1,OP-01,454536
OP01-017,OP-01,454538
OP01-018,OP-01,454540
OP01-019,OP-01,454542
OP01-020,OP-01,454543
OP01-021,OP-01,454544
OP01-022,OP-01,454545
OP01-023,OP-01,454546
OP01-024,OP-01,453508
OP01-024p1,OP-01,453509
OP01-025,OP-01,453510
OP01-025p1,OP-01,453511
OP01-026,OP-01,454547
OP01-027,OP-01,454548
OP01-028,OP-01,454549
OP01-029,OP-01,454550
OP01-030,OP-01,453512
OP01-031,OP-01,454551
OP01-031p1,OP-01,454552
OP01-032,OP-01,454553
OP01-033,OP-01,454554
OP01-034,OP-01,454555
OP01-034p1,OP-01,453513
OP01-035,OP-01,454556
OP01-036,OP-01,454558
OP01-037,OP-01,454560
OP01-038,OP-01,454562
OP01-039,OP-01,454563
OP01-040,OP-01,453514
OP01-040p1,OP-01,454564
OP01-041,OP-01,454565
OP01-042,OP-01,454566
OP01-043,OP-01,454567
OP01-044,OP-01,454568
OP01-045,OP-01,454569
OP01-046,OP-01,454570
OP01-047,OP-01,454571
OP01-047p1,OP-01,453515
OP01-048,OP-01,454572
OP01-048p1,OP-01,453516
OP01-049,OP-01,454573
OP01-050,OP-01,454574
OP01-051,OP-01,454575
OP01-051p1,OP-01,454576
OP01-052,OP-01,454577
OP01-053,OP-01,454578
OP01-054,OP-01,454579
OP01-055,OP-01,454580
OP01-056,OP-01,454581
OP01-057,OP-01,454582
OP01-058,OP-01,454583
OP01-059,OP-01,454584
OP01-060,OP-01,454585
OP01-060p1,OP-01,454586
OP01-061,OP-01,453517
OP01-061p1,OP-01,454587
OP01-062,OP-01,454588
OP01-062p1,OP-01,454589
OP01-063,OP-01,454590
OP01-064,OP-01,454591
OP01-064p1,OP-01,453518
OP01-065,OP-01,454592
OP01-066,OP-01,454593
OP01-067,OP-01,453519
OP01-067p1,OP-01,454594
OP01-068,OP-01,454596
OP01-069,OP-01,454597
OP01-070,OP-01,454598
OP01-070p1,OP-01,454599
OP01-071,OP-01,454600
OP01-072,OP-01,454601
OP01-073,OP-01,454602
OP01-073p1,OP-01,454603
OP01-074,OP-01,454604
OP01-075,OP-01,454605
OP01-076,OP-01,454606
OP01-077,OP-01,454607
OP01-077p1,OP-01,453520
OP01-078,OP-01,454608
OP01-078p1,OP-01,454609
OP01-079,OP-01,454610
OP01-080,OP-01,454611
OP01-081,OP-01,454612
OP01-082,OP-01,454613
OP01-083,OP-01,454614
OP01-084,OP-01,454615
OP01-085,OP-01,454616
OP01-086,OP-01,454617
OP01-087,OP-01,454618
OP01-088,OP-01,454619
OP01-089,OP-01,454620
OP01-090,OP-01,454621
OP01-091,OP-01,454622
OP01-091p1,OP-01,454623
OP01-092,OP-01,454624
OP01-093,OP-01,454625
OP01-093p1,OP-01,454626
OP01-094,OP-01,453521
OP01-094p1,OP-01,454627
OP01-095,OP-01,454628
OP01-096,OP-01,454629
OP01-096p1,OP-01,454630
OP01-097,OP-01,454631
OP01-097p1,OP-01,454632
OP01-098,OP-01,454633
OP01-099,OP-01,454634
OP01-100,OP-01,454635
OP01-101,OP-01,454636
OP01-102,OP-01,454637
OP01-102p1,OP-01,454638
OP01-103,OP-01,454639
OP01-104,OP-01,454640
OP01-105,OP-01,454641
OP01-106,OP-01,454642
OP01-107,OP-01,454643
OP01-108,OP-01,455808
OP01-109,OP-01,454644
OP01-109p1,OP-01,453522
OP01-110,OP-01,454645
OP01-111,OP-01,454646
OP01-112,OP-01,454648
OP01-113,OP-01,454651
OP01-114,OP-01,454652
OP01-115,OP-01,454659
OP01-116,OP-01,454660
OP01-117,OP-01,454661
OP01-118,OP-01,454662
OP01-119,OP-01,454663
OP01-120,OP-01,454664
OP01-120p1,OP-01,454665
OP01-120p2,OP-01,454666
OP01-121,OP-01,454667
OP01-121p1,OP-01,454669
OP02-001,OP-02,482424
OP02-001p1,OP-02,483470
OP02-002,OP-02,482705
OP02-002p1,OP-02,483627
OP02-003,OP-02,482426
OP02-004,OP-02,482423
OP02-004p1,OP-02,485861
OP02-005,OP-02,482425
OP02-006,OP-02,482706
OP02-007,OP-02,482707
OP02-008,OP-02,482704
OP02-009,OP-02,486332
OP02-009p1,OP-02,483096
OP02-010,OP-02,483093
OP02-011,OP-02,483095
OP02-012,OP-02,483094
OP02-013,OP-02,485235
OP02-013p1,OP-02,486333
OP02-013p2,OP-02,485862
OP02-014,OP-02,486334
OP02-015,OP-02,486335
OP02-016,OP-02,486336
OP02-017,OP-02,486337
OP02-017p1,OP-02,485864
OP02-018,OP-02,486338
OP02-018p1,OP-02,485863
OP02-019,OP-02,486339
OP02-020,OP-02,486340
OP02-021,OP-02,486341
OP02-022,OP-02,486342
OP02-023,OP-02,486343
OP02-024,OP-02,486344
OP02-025,OP-02,486345
OP02-025p1,OP-02,483629
OP02-026,OP-02,486346
OP02-026p1,OP-02,483628
OP02-027,OP-02,486347
OP02-028,OP-02,486348
OP02-029,OP-02,486349
OP02-030,OP-02,486350
OP02-030p1,OP-02,484627
OP02-031,OP-02,486351
OP02-031p1,OP-02,485236
OP02-032,OP-02,486352
OP02-033,OP-02,486353
OP02-034,OP-02,486354
OP02-035,OP-02,486355
OP02-036,OP-02,486356
OP02-036p1,OP-02,482429
OP02-037,OP-02,486357
OP02-038,OP-02,486359
OP02-039,OP-02,486361
OP02-040,OP-02,486363
OP02-041,OP-02,486367
OP02-041p1,OP-02,482337
OP02-042,OP-02,486369
OP02-043,OP-02,486371
OP02-044,OP-02,486374
OP02-045,OP-02,486375
OP02-046,OP-02,486378
OP02-047,OP-02,486380
OP02-048,OP-02,486382
OP02-049,OP-02,486387
OP02-049p1,OP-02,483949
OP02-050,OP-02,486389
OP02-051,OP-02,486390
OP02-051p1,OP-02,485812
OP02-052,OP-02,486391
OP02-053,OP-02,486392
OP02-054,OP-02,486393
OP02-055,OP-02,486394
OP02-056,OP-02,486395
OP02-057,OP-02,486396
OP02-058,OP-02,486397
OP02-058p1,OP-02,485813
OP02-059,OP-02,486398
OP02-059p1,OP-02,485237
OP02-060,OP-02,486399
OP02-061,OP-02,486400
OP02-062,OP-02,485238
OP02-062p1,OP-02,485814
OP02-063,OP-02,486401
OP02-064,OP-02,486402
OP02-065,OP-02,486403
OP02-066,OP-02,486404
OP02-067,OP-02,486405
OP02-068,OP-02,486406
OP02-069,OP-02,486407
OP02-070,OP-02,486408
OP02-071,OP-02,486410
OP02-071p1,OP-02,484134
OP02-072,OP-02,485239
OP02-072p1,OP-02,484314
OP02-073,OP-02,486413
OP02-073p1,OP-02,485457
OP02-074,OP-02,486416
OP02-075,OP-02,486419
OP02-076,OP-02,486422
OP02-077,OP-02,486425
OP02-078,OP-02,486433
OP02-079,OP-02,486436
OP02-080,OP-02,486438
OP02-081,OP-02,486441
OP02-082,OP-02,486445
OP02-083,OP-02,486448
OP02-084,OP-02,486451
OP02-085,OP-02,486452
OP02-085p1,OP-02,485459
OP02-086,OP-02,486453
OP02-086p1,OP-02,485241
OP02-087,OP-02,486454
OP02-088,OP-02,486455
OP02-089,OP-02,486456
OP02-090,OP-02,486457
OP02-091,OP-02,486458
OP02-092,OP-02,486460
OP02-093,OP-02,486462
OP02-093p1,OP-02,484476
OP02-094,OP-02,486464
OP02-095,OP-02,486467
OP02-096,OP-02,486468
OP02-096p1,OP-02,485162
OP02-097,OP-02,486471
OP02-098,OP-02,486474
OP02-099,OP-02,485242
OP02-099p1,OP-02,485255
OP02-100,OP-02,486477
OP02-101,OP-02,486480
OP02-102,OP-02,486481
OP02-103,OP-02,486482
OP02-104,OP-02,486483
OP02-105,OP-02,485243
OP02-105p1,OP-02,485244
OP02-106,OP-02,486484
OP02-107,OP-02,486485
OP02-108,OP-02,486486
OP02-108p1,OP-02,485245
OP02-109,OP-02,486487
OP02-110,OP-02,486488
OP02-111,OP-02,486489
OP02-112,OP-02,486490
OP02-113,OP-02,486491
OP02-114,OP-02,485246
OP02-114p1,OP-02,485087
OP02-115,OP-02,486492
OP02-115p1,OP-02,484822
OP02-116,OP-02,486493
OP02-117,OP-02,486494
OP02-118,OP-02,486546
OP02-119,OP-02,486547
OP02-120,OP-02,482718
OP02-120p1,OP-02,483360
OP02-121,OP-02,485397
OP02-121p1,OP-02,485456
OP03-001,OP-03,497932
OP03-001p1,OP-03,497934
OP03-002,OP-03,499880
OP03-003,OP-03,499881
OP03-004,OP-03,499882
OP03-005,OP-03,499883
OP03-006,OP-03,499884
OP03-007,OP-03,499885
OP03-008,OP-03,499886
OP03-009,OP-03,499887
OP03-010,OP-03,499888
OP03-011,OP-03,499889
OP03-012,OP-03,499890
OP03-013,OP-03,498595
OP03-013p1,OP-03,498597
OP03-014,OP-03,499891
OP03-015,OP-03,499892
OP03-016,OP-03,499893
OP03-017,OP-03,499894
OP03-018,OP-03,498783
OP03-018p1,OP-03,498784
OP03-019,OP-03,499895
OP03-020,OP-03,499896
OP03-021,OP-03,498038
OP03-021p1,OP-03,498039
OP03-022,OP-03,498063
OP03-022p1,OP-03,498064
OP03-023,OP-03,499897
OP03-024,OP-03,498861
OP03-024p1,OP-03,498862
OP03-025,OP-03,499028
OP03-025p1,OP-03,499029
OP03-026,OP-03,499898
OP03-027,OP-03,499899
OP03-028,OP-03,499900
OP03-029,OP-03,499901
OP03-030,OP-03,499902
OP03-031,OP-03,499903
OP03-032,OP-03,499904
OP03-033,OP-03,499905
OP03-034,OP-03,499906
OP03-035,OP-03,499907
OP03-036,OP-03,499908
OP03-037,OP-03,499909
OP03-038,OP-03,499910
OP03-039,OP-03,499970
OP03-040,OP-03,498253
OP03-040p1,OP-03,498254
OP03-041,OP-03,499190
OP03-041p1,OP-03,499191
OP03-042,OP-03,499971
OP03-043,OP-03,499972
OP03-044,OP-03,499973
OP03-045,OP-03,499975
OP03-046,OP-03,499976
OP03-047,OP-03,499283
OP03-047p1,OP-03,499287
OP03-048,OP-03,499977
OP03-049,OP-03,499978
OP03-050,OP-03,499979
OP03-051,OP-03,499980
OP03-052,OP-03,499981
OP03-053,OP-03,499982
OP03-054,OP-03,499983
OP03-055,OP-03,499985
OP03-056,OP-03,499986
OP03-057,OP-03,499988
OP03-058,OP-03,498296
OP03-058p1,OP-03,498297
OP03-059,OP-03,499990
OP03-060,OP-03,499992
OP03-061,OP-03,499994
OP03-062,OP-03,499997
OP03-063,OP-03,500001
OP03-064,OP-03,500002
OP03-065,OP-03,500005
OP03-066,OP-03,499399
OP03-066p1,OP-03,499400
OP03-067,OP-03,500006
OP03-068,OP-03,500007
OP03-069,OP-03,500008
OP03-070,OP-03,500009
OP03-071,OP-03,500010
OP03-072,OP-03,500011
OP03-073,OP-03,500013
OP03-074,OP-03,500014
OP03-075,OP-03,500015
OP03-076,OP-03,498485
OP03-076p1,OP-03,498486
OP03-077,OP-03,498481
OP03-077p1,OP-03,498482
OP03-078,OP-03,499497
OP03-078p1,OP-03,499498
OP03-079,OP-03,500016
OP03-080,OP-03,500017
OP03-080p1,OP-03,500018
OP03-081,OP-03,500019
OP03-081p1,OP-03,500020
OP03-082,OP-03,500021
OP03-083,OP-03,500022
OP03-084,OP-03,500026
OP03-085,OP-03,500027
OP03-086,OP-03,500030
OP03-086p1,OP-03,500033
OP03-087,OP-03,500035
OP03-088,OP-03,500036
OP03-089,OP-03,500037
OP03-090,OP-03,500038
OP03-091,OP-03,500039
OP03-092,OP-03,500040
OP03-092p1,OP-03,500041
OP03-093,OP-03,500042
OP03-094,OP-03,500044
OP03-095,OP-03,500050
OP03-096,OP-03,500051
OP03-097,OP-03,500054
OP03-098,OP-03,500056
OP03-099,OP-03,498483
OP03-099p1,OP-03,498484
OP03-100,OP-03,500124
OP03-101,OP-03,500058
OP03-102,OP-03,500063
OP03-103,OP-03,500065
OP03-104,OP-03,500067
OP03-105,OP-03,500069
OP03-106,OP-03,500072
OP03-107,OP-03,500073
OP03-108,OP-03,500077
OP03-108p1,OP-03,500079
OP03-109,OP-03,500081
OP03-110,OP-03,500083
OP03-111,OP-03,500084
OP03-112,OP-03,500085
OP03-112p1,OP-03,500086
OP03-113,OP-03,500088
OP03-113p1,OP-03,500090
OP03-114,OP-03,500092
OP03-114p1,OP-03,500093
OP03-115,OP-03,500094
OP03-116,OP-03,500095
OP03-117,OP-03,500102
OP03-118,OP-03,500105
OP03-119,OP-03,500107
OP03-120,OP-03,500110
OP03-121,OP-03,500112
OP03-122,OP-03,501997
OP03-122p1,OP-03,500116
OP03-122p2,OP-03,500118
OP03-123,OP-03,500120
OP03-123p1,OP-03,500122
OP04-001,OP-04,510762
OP04-001p1,OP-04,510774
OP04-002,OP-04,516728
OP04-003,OP-04,516729
OP04-004,OP-04,516730
OP04-005,OP-04,516731
OP04-006,OP-04,516732
OP04-007,OP-04,516733
OP04-008,OP-04,516734
OP04-009,OP-04,516735
OP04-010,OP-04,516737
OP04-011,OP-04,516738
OP04-012,OP-04,516739
OP04-013,OP-04,512612
OP04-013p1,OP-04,512613
OP04-014,OP-04,516740
OP04-015,OP-04,516741
OP04-016,OP-04,516742
OP04-017,OP-04,516743
OP04-018,OP-04,516744
OP04-019,OP-04,510896
OP04-019p1,OP-04,510897
OP04-020,OP-04,510995
OP04-020p1,OP-04,510996
OP04-021,OP-04,516745
OP04-022,OP-04,516746
OP04-023,OP-04,516747
OP04-024,OP-04,512875
OP04-024p1,OP-04,512876
OP04-025,OP-04,516748
OP04-026,OP-04,516749
OP04-027,OP-04,516750
OP04-028,OP-04,512959
OP04-028p1,OP-04,512961
OP04-029,OP-04,516751
OP04-030,OP-04,513306
OP04-030p1,OP-04,513308
OP04-031,OP-04,513464
OP04-031p1,OP-04,513466
OP04-032,OP-04,516752
OP04-033,OP-04,516753
OP04-034,OP-04,516754
OP04-035,OP-04,516755
OP04-036,OP-04,516756
OP04-037,OP-04,516757
OP04-038,OP-04,516758
OP04-039,OP-04,510993
OP04-039p1,OP-04,510994
OP04-040,OP-04,511397
OP04-040p1,OP-04,511401
OP04-041,OP-04,516759
OP04-042,OP-04,516760
OP04-043,OP-04,516761
OP04-044,OP-04,513822
OP04-044p1,OP-04,513823
OP04-045,OP-04,516762
OP04-046,OP-04,516763
OP04-047,OP-04,516764
OP04-048,OP-04,516765
OP04-049,OP-04,516766
OP04-050,OP-04,516767
OP04-051,OP-04,514030
OP04-051p1,OP-04,514031
OP04-052,OP-04,516768
OP04-053,OP-04,516769
OP04-054,OP-04,516770
OP04-055,OP-04,516771
OP04-056,OP-04,516772
OP04-057,OP-04,516773
OP04-058,OP-04,511765
OP04-058p1,OP-04,511766
OP04-059,OP-04,516774
OP04-060,OP-04,514247
OP04-060p1,OP-04,514248
OP04-061,OP-04,516776
OP04-062,OP-04,516777
OP04-063,OP-04,516779
OP04-064,OP-04,514245
OP04-064p1,OP-04,514246
OP04-065,OP-04,516780
OP04-066,OP-04,516781
OP04-067,OP-04,516782
OP04-068,OP-04,516783
OP04-069,OP-04,516784
OP04-070,OP-04,516785
OP04-071,OP-04,516786
OP04-072,OP-04,514253
OP04-072p1,OP-04,514254
OP04-073,OP-04,516787
OP04-074,OP-04,516788
OP04-075,OP-04,516789
OP04-076,OP-04,516790
OP04-077,OP-04,516791
OP04-078,OP-04,516792
OP04-079,OP-04,516793
OP04-080,OP-04,516794
OP04-081,OP-04,516795
OP04-082,OP-04,514436
OP04-082p1,OP-04,514437
OP04-083,OP-04,514543
OP04-083p1,OP-04,514544
OP04-083p2,OP-04,516558
OP04-084,OP-04,516796
OP04-085,OP-04,516797
OP04-086,OP-04,516798
OP04-087,OP-04,516799
OP04-088,OP-04,516800
OP04-089,OP-04,516801
OP04-090,OP-04,515278
OP04-090p1,OP-04,515279
OP04-091,OP-04,516802
OP04-092,OP-04,516803
OP04-093,OP-04,516804
OP04-094,OP-04,516805
OP04-095,OP-04,516806
OP04-096,OP-04,516807
OP04-097,OP-04,516808
OP04-098,OP-04,516809
OP04-099,OP-04,516810
OP04-100,OP-04,515280
OP04-100p1,OP-04,515281
OP04-101,OP-04,516811
OP04-102,OP-04,516812
OP04-103,OP-04,516813
OP04-104,OP-04,515282
OP04-104p1,OP-04,515283
OP04-105,OP-04,516814
OP04-106,OP-04,516815
OP04-107,OP-04,516816
OP04-108,OP-04,516817
OP04-109,OP-04,516818
OP04-110,OP-04,516819
OP04-111,OP-04,516820
OP04-112,OP-04,515309
OP04-112p1,OP-04,515310
OP04-113,OP-04,516821
OP04-114,OP-04,516822
OP04-115,OP-04,516823
OP04-116,OP-04,516824
OP04-117,OP-04,516825
OP04-118,OP-04,515312
OP04-118p1,OP-04,515333
OP04-119,OP-04,515594
OP04-119p1,OP-04,515848
OP05-001,OP-05,528529
OP05-001p1,OP-05,527007
OP05-002,OP-05,528531
OP05-002p1,OP-05,527008
OP05-003,OP-05,528532
OP05-004,OP-05,528533
OP05-005,OP-05,528536
OP05-006,OP-05,527663
OP05-006p1,OP-05,527664
OP05-007,OP-05,527009
OP05-007p1,OP-05,527659
OP05-008,OP-05,528537
OP05-009,OP-05,528538
OP05-010,OP-05,528539
OP05-011,OP-05,528540
OP05-012,OP-05,528541
OP05-013,OP-05,528542
OP05-014,OP-05,528543
OP05-015,OP-05,528545
OP05-015p1,OP-05,528168
OP05-016,OP-05,528547
OP05-017,OP-05,528548
OP05-018,OP-05,528550
OP05-019,OP-05,528551
OP05-020,OP-05,528553
OP05-021,OP-05,528555
OP05-022,OP-05,528557
OP05-022p1,OP-05,527010
OP05-023,OP-05,528559
OP05-024,OP-05,528560
OP05-025,OP-05,528562
OP05-026,OP-05,528564
OP05-027,OP-05,528566
OP05-028,OP-05,528568
OP05-029,OP-05,528571
OP05-030,OP-05,528574
OP05-031,OP-05,528575
OP05-032,OP-05,528577
OP05-032p1,OP-05,528578
OP05-033,OP-05,528579
OP05-034,OP-05,527873
OP05-034p1,OP-05,527874
OP05-035,OP-05,528580
OP05-036,OP-05,528581
OP05-037,OP-05,528582
OP05-038,OP-05,528583
OP05-039,OP-05,528584
OP05-040,OP-05,528585
OP05-041,OP-05,528595
OP05-041p1,OP-05,527011
OP05-042,OP-05,528597
OP05-043,OP-05,527793
OP05-043p1,OP-05,527794
OP05-044,OP-05,528600
OP05-045,OP-05,528601
OP05-046,OP-05,528602
OP05-047,OP-05,528603
OP05-048,OP-05,528604
OP05-049,OP-05,528605
OP05-050,OP-05,528607
OP05-051,OP-05,527842
OP05-051p1,OP-05,527843
OP05-052,OP-05,528608
OP05-053,OP-05,528609
OP05-054,OP-05,528610
OP05-055,OP-05,528611
OP05-055p1,OP-05,528314
OP05-056,OP-05,528612
OP05-057,OP-05,528613
OP05-058,OP-05,528614
OP05-059,OP-05,528615
OP05-060,OP-05,528616
OP05-060p1,OP-05,527014
OP05-061,OP-05,528618
OP05-062,OP-05,528619
OP05-063,OP-05,528621
OP05-064,OP-05,528623
OP05-065,OP-05,528624
OP05-066,OP-05,528625
OP05-067,OP-05,528626
OP05-067p1,OP-05,527665
OP05-068,OP-05,528627
OP05-069,OP-05,527875
OP05-069p1,OP-05,527662
OP05-069p2,OP-05,527019
OP05-070,OP-05,528628
OP05-071,OP-05,528630
OP05-072,OP-05,528631
OP05-073,OP-05,528633
OP05-074,OP-05,528634
OP05-074p1,OP-05,527660
OP05-074p2,OP-05,527020
OP05-075,OP-05,528635
OP05-076,OP-05,528636
OP05-077,OP-05,528637
OP05-078,OP-05,528638
OP05-079,OP-05,528639
OP05-080,OP-05,528640
OP05-081,OP-05,528641
OP05-082,OP-05,528642
OP05-083,OP-05,528643
OP05-084,OP-05,528645
OP05-085,OP-05,528646
OP05-086,OP-05,528647
OP05-087,OP-05,528650
OP05-088,OP-05,528036
OP05-088p1,OP-05,528037
OP05-089,OP-05,528651
OP05-090,OP-05,528653
OP05-091,OP-05,528165
OP05-091p1,OP-05,528166
OP05-092,OP-05,528655
OP05-093,OP-05,528164
OP05-093p1,OP-05,527666
OP05-094,OP-05,528656
OP05-095,OP-05,528657
OP05-096,OP-05,528658
OP05-097,OP-05,528659
OP05-098,OP-05,528660
OP05-098p1,OP-05,527021
OP05-099,OP-05,528661
OP05-100,OP-05,527022
OP05-100p1,OP-05,527661
OP05-100p2,OP-05,527043
OP05-101,OP-05,528663
OP05-102,OP-05,528662
OP05-102p1,OP-05,528169
OP05-103,OP-05,528664
OP05-104,OP-05,528665
OP05-105,OP-05,528666
OP05-106,OP-05,528667
OP05-107,OP-05,528668
OP05-108,OP-05,528669
OP05-109,OP-05,528670
OP05-110,OP-05,528672
OP05-111,OP-05,528673
OP05-112,OP-05,528674
OP05-113,OP-05,528675
OP05-114,OP-05,528676
OP05-115,OP-05,528677
OP05-116,OP-05,528678
OP05-117,OP-05,528679
OP05-118,OP-05,527045
OP05-118p1,OP-05,528315
OP05-119,OP-05,527024
OP05-119p1,OP-05,530122
OP05-119p2,OP-05,527026
OP06-001,OP-06,539287
OP06-001p1,OP-06,539285
OP06-002,OP-06,541565
OP06-003,OP-06,541567
OP06-004,OP-06,541569
OP06-005,OP-06,541570
OP06-006,OP-06,541571
OP06-007,OP-06,539282
OP06-007p1,OP-06,539283
OP06-008,OP-06,541572
OP06-009,OP-06,539280
OP06-009p1,OP-06,539279
OP06-010,OP-06,539290
OP06-011,OP-06,539292
OP06-012,OP-06,541579
OP06-013,OP-06,539277
OP06-013p1,OP-06,539278
OP06-014,OP-06,541583
OP06-015,OP-06,541587
OP06-016,OP-06,541591
OP06-017,OP-06,541593
OP06-018,OP-06,541072
OP06-019,OP-06,541594
OP06-020,OP-06,539767
OP06-020p1,OP-06,539768
OP06-021,OP-06,541043
OP06-021p1,OP-06,541044
OP06-022,OP-06,539489
OP06-022p1,OP-06,539490
OP06-023,OP-06,539775
OP06-024,OP-06,541595
OP06-025,OP-06,539787
OP06-025p1,OP-06,539789
OP06-026,OP-06,541597
OP06-027,OP-06,541598
OP06-028,OP-06,541599
OP06-029,OP-06,541600
OP06-030,OP-06,541601
OP06-031,OP-06,541602
OP06-032,OP-06,541603
OP06-033,OP-06,539782
OP06-034,OP-06,541604
OP06-035,OP-06,539772
OP06-035p1,OP-06,539770
OP06-036,OP-06,541045
OP06-037,OP-06,541605
OP06-038,OP-06,541606
OP06-039,OP-06,541046
OP06-040,OP-06,541607
OP06-041,OP-06,541608
OP06-042,OP-06,541006
OP06-042p1,OP-06,541007
OP06-043,OP-06,541048
OP06-043p1,OP-06,541049
OP06-044,OP-06,541609
OP06-045,OP-06,541610
OP06-046,OP-06,541611
OP06-047,OP-06,541047
OP06-048,OP-06,541612
OP06-049,OP-06,541613
OP06-050,OP-06,541050
OP06-050p1,OP-06,541051
OP06-051,OP-06,541052
OP06-052,OP-06,541614
OP06-053,OP-06,541615
OP06-054,OP-06,541616
OP06-055,OP-06,541617
OP06-056,OP-06,541618
OP06-057,OP-06,541619
OP06-058,OP-06,541073
OP06-059,OP-06,541620
OP06-060,OP-06,541621
OP06-061,OP-06,541068
OP06-061p1,OP-06,541069
OP06-062,OP-06,541061
OP06-062p1,OP-06,541062
OP06-063,OP-06,541622
OP06-064,OP-06,541623
OP06-065,OP-06,541070
OP06-066,OP-06,541624
OP06-067,OP-06,541071
OP06-068,OP-06,541625
OP06-069,OP-06,541063
OP06-069p1,OP-06,541064
OP06-070,OP-06,541626
OP06-071,OP-06,541627
OP06-072,OP-06,541628
OP06-073,OP-06,541629
OP06-074,OP-06,541065
OP06-075,OP-06,541630
OP06-076,OP-06,541631
OP06-077,OP-06,541074
OP06-078,OP-06,541632
OP06-079,OP-06,541633
OP06-080,OP-06,541053
OP06-080p1,OP-06,541054
OP06-081,OP-06,541057
OP06-081p1,OP-06,541058
OP06-082,OP-06,541634
OP06-083,OP-06,541635
OP06-084,OP-06,541636
OP06-085,OP-06,541637
OP06-086,OP-06,541055
OP06-086p1,OP-06,541056
OP06-087,OP-06,541638
OP06-088,OP-06,541639
OP06-089,OP-06,541640
OP06-090,OP-06,541066
OP06-091,OP-06,541641
OP06-092,OP-06,541067
OP06-093,OP-06,541059
OP06-093p1,OP-06,541060
OP06-094,OP-06,541642
OP06-095,OP-06,541643
OP06-096,OP-06,541644
OP06-097,OP-06,541075
OP06-098,OP-06,541645
OP06-099,OP-06,541646
OP06-100,OP-06,541647
OP06-101,OP-06,539491
OP06-101p1,OP-06,539492
OP06-102,OP-06,541648
OP06-103,OP-06,541649
OP06-104,OP-06,539503
OP06-105,OP-06,541650
OP06-106,OP-06,539501
OP06-106p1,OP-06,539502
OP06-107,OP-06,539499
OP06-107p1,OP-06,539500
OP06-108,OP-06,541651
OP06-109,OP-06,541652
OP06-110,OP-06,541653
OP06-111,OP-06,541654
OP06-112,OP-06,541655
OP06-113,OP-06,541656
OP06-114,OP-06,541657
OP06-115,OP-06,539504
OP06-116,OP-06,539505
OP06-117,OP-06,541658
OP06-118,OP-06,541661
OP06-118p1,OP-06,541659
OP06-118p2,OP-06,541660
OP06-119,OP-06,541662
OP06-119p1,OP-06,541663
OP07-001,OP-07,545778
OP07-001p1,OP-07,545779
OP07-002,OP-07,545780
OP07-003,OP-07,545781
OP07-004,OP-07,545782
OP07-005,OP-07,545783
OP07-005p1,OP-07,545784
OP07-006,OP-07,545785
OP07-007,OP-07,545786
OP07-008,OP-07,545787
OP07-009,OP-07,545788
OP07-010,OP-07,545789
OP07-011,OP-07,545790
OP07-012,OP-07,545791
OP07-013,OP-07,545792
OP07-014,OP-07,545793
OP07-015,OP-07,545794
OP07-015p1,OP-07,545795
OP07-016,OP-07,545796
OP07-017,OP-07,545797
OP07-018,OP-07,545798
OP07-019,OP-07,545799
OP07-019p1,OP-07,545800
OP07-020,OP-07,545801
OP07-021,OP-07,545802
OP07-022,OP-07,545803
OP07-022p1,OP-07,545804
OP07-023,OP-07,545805
OP07-024,OP-07,545806
OP07-025,OP-07,545807
OP07-026,OP-07,545808
OP07-026p1,OP-07,545809
OP07-027,OP-07,545810
OP07-028,OP-07,545811
OP07-029,OP-07,545812
OP07-029p1,OP-07,545813
OP07-030,OP-07,545814
OP07-031,OP-07,545815
OP07-032,OP-07,545816
OP07-033,OP-07,545817
OP07-034,OP-07,545818
OP07-035,OP-07,545819
OP07-036,OP-07,545820
OP07-037,OP-07,545821
OP07-038,OP-07,545822
OP07-038p1,OP-07,545823
OP07-039,OP-07,545824
OP07-040,OP-07,545825
OP07-041,OP-07,545826
OP07-042,OP-07,545827
OP07-043,OP-07,545828
OP07-044,OP-07,545829
OP07-045,OP-07,545830
OP07-045p1,OP-07,545831
OP07-046,OP-07,545832
OP07-046p1,OP-07,545833
OP07-047,OP-07,545834
OP07-047p1,OP-07,545835
OP07-048,OP-07,545836
OP07-049,OP-07,545837
OP07-050,OP-07,545838
OP07-051,OP-07,545839
OP07-051p1,OP-07,545840
OP07-051p2,OP-07,545841
OP07-052,OP-07,545842
OP07-053,OP-07,545843
OP07-054,OP-07,545844
OP07-055,OP-07,545845
OP07-056,OP-07,545846
OP07-057,OP-07,545847
OP07-058,OP-07,545848
OP07-059,OP-07,545849
OP07-059p1,OP-07,545850
OP07-060,OP-07,545851
OP07-061,OP-07,545852
OP07-062,OP-07,545853
OP07-063,OP-07,545854
OP07-064,OP-07,545855
OP07-064p1,OP-07,545856
OP07-065,OP-07,545857
OP07-066,OP-07,545858
OP07-067,OP-07,545859
OP07-068,OP-07,545860
OP07-069,OP-07,545861
OP07-070,OP-07,545862
OP07-071,OP-07,545863
OP07-071p1,OP-07,545864
OP07-072,OP-07,545865
OP07-072p1,OP-07,545866
OP07-073,OP-07,545867
OP07-074,OP-07,545868
OP07-075,OP-07,545869
OP07-076,OP-07,545870
OP07-077,OP-07,545871
OP07-078,OP-07,545872
OP07-079,OP-07,545873
OP07-079p1,OP-07,545874
OP07-080,OP-07,545875
OP07-081,OP-07,545876
OP07-082,OP-07,545877
OP07-083,OP-07,545878
OP07-084,OP-07,545879
OP07-085,OP-07,545880
OP07-085p1,OP-07,545881
OP07-086,OP-07,545882
OP07-087,OP-07,545883
OP07-088,OP-07,545884
OP07-089,OP-07,545885
OP07-090,OP-07,545886
OP07-091,OP-07,545887
OP07-092,OP-07,545888
OP07-093,OP-07,545889
OP07-094,OP-07,545890
OP07-095,OP-07,545891
OP07-096,OP-07,545892
OP07-097,OP-07,545893
OP07-097p1,OP-07,545894
OP07-098,OP-07,545895
OP07-099,OP-07,545896
OP07-100,OP-07,545897
OP07-101,OP-07,545898
OP07-102,OP-07,545899
OP07-103,OP-07,545900
OP07-104,OP-07,545901
OP07-105,OP-07,545902
OP07-106,OP-07,545903
OP07-107,OP-07,545904
OP07-107p1,OP-07,545905
OP07-108,OP-07,545906
OP07-109,OP-07,545907
OP07-109p1,OP-07,545908
OP07-110,OP-07,545909
OP07-111,OP-07,545910
OP07-111p1,OP-07,545911
OP07-112,OP-07,545912
OP07-113,OP-07,545913
OP07-114,OP-07,545914
OP07-115,OP-07,545915
OP07-116,OP-07,545916
OP07-117,OP-07,545917
OP07-118,OP-07,545918
OP07-118p1,OP-07,545919
OP07-119,OP-07,545920
OP07-119p1,OP-07,545921
OP08-001,OP-08,558021
OP08-001p1,OP-08,558022
OP08-002,OP-08,558023
OP08-002p1,OP-08,558024
OP08-003,OP-08,558025
OP08-004,OP-08,558026
OP08-005,OP-08,558027
OP08-006,OP-08,558028
OP08-007,OP-08,558029
OP08-007p1,OP-08,558030
OP08-008,OP-08,558031
OP08-009,OP-08,558032
OP08-010,OP-08,558033
OP08-011,OP-08,558034
OP08-012,OP-08,558035
OP08-013,OP-08,558036
OP08-014,OP-08,558037
OP08-015,OP-08,558038
OP08-015p1,OP-08,558039
OP08-016,OP-08,558040
OP08-017,OP-08,558041
OP08-018,OP-08,558042
OP08-019,OP-08,558043
OP08-020,OP-08,558044
OP08-021,OP-08,558045
OP08-021p1,OP-08,558046
OP08-022,OP-08,558047
OP08-023,OP-08,558048
OP08-023p1,OP-08,558049
OP08-024,OP-08,558050
OP08-025,OP-08,558051
OP08-026,OP-08,558052
OP08-027,OP-08,558053
OP08-028,OP-08,558054
OP08-029,OP-08,558055
OP08-030,OP-08,558056
OP08-030p1,OP-08,558057
OP08-031,OP-08,558058
OP08-032,OP-08,558059
OP08-033,OP-08,558060
OP08-034,OP-08,558061
OP08-035,OP-08,558062
OP08-036,OP-08,558063
OP08-037,OP-08,558064
OP08-038,OP-08,558065
OP08-039,OP-08,558066
OP08-040,OP-08,558067
OP08-041,OP-08,558068
OP08-042,OP-08,558069
OP08-043,OP-08,558070
OP08-043p1,OP-08,558071
OP08-044,OP-08,558072
OP08-045,OP-08,558073
OP08-046,OP-08,558074
OP08-047,OP-08,558075
OP08-048,OP-08,558076
OP08-049,OP-08,558077
OP08-050,OP-08,558078
OP08-051,OP-08,558079
OP08-052,OP-08,558080
OP08-052p1,OP-08,558081
OP08-053,OP-08,558082
OP08-054,OP-08,558083
OP08-055,OP-08,558084
OP08-056,OP-08,558085
OP08-057,OP-08,558086
OP08-057p1,OP-08,558087
OP08-058,OP-08,558088
OP08-058p1,OP-08,558089
OP08-059,OP-08,558090
OP08-060,OP-08,558091
OP08-061,OP-08,558092
OP08-062,OP-08,558093
OP08-063,OP-08,558094
OP08-064,OP-08,558095
OP08-065,OP-08,558096
OP08-066,OP-08,558097
OP08-067,OP-08,558098
OP08-067p1,OP-08,558099
OP08-068,OP-08,558100
OP08-069,OP-08,558101
OP08-069p1,OP-08,558102
OP08-070,OP-08,558103
OP08-071,OP-08,558104
OP08-072,OP-08,558105
OP08-073,OP-08,558106
OP08-074,OP-08,558107
OP08-074p1,OP-08,558108
OP08-075,OP-08,558109
OP08-076,OP-08,558110
OP08-077,OP-08,558111
OP08-078,OP-08,558112
OP08-079,OP-08,558113
OP08-079p1,OP-08,558114
OP08-080,OP-08,558115
OP08-080p1,OP-08,558116
OP08-081,OP-08,558117
OP08-082,OP-08,558118
OP08-083,OP-08,558119
OP08-084,OP-08,558120
OP08-084p1,OP-08,558121
OP08-085,OP-08,558122
OP08-086,OP-08,558123
OP08-087,OP-08,558124
OP08-088,OP-08,558125
OP08-089,OP-08,558126
OP08-090,OP-08,558127
OP08-091,OP-08,558128
OP08-092,OP-08,558129
OP08-093,OP-08,558130
OP08-094,OP-08,558131
OP08-095,OP-08,558132
OP08-096,OP-08,558133
OP08-097,OP-08,558134
OP08-098,OP-08,558135
OP08-098p1,OP-08,558136
OP08-099,OP-08,558137
OP08-100,OP-08,558138
OP08-101,OP-08,558139
OP08-102,OP-08,558140
OP08-103,OP-08,558141
OP08-104,OP-08,558142
OP08-105,OP-08,558143
OP08-105p1,OP-08,558144
OP08-106,OP-08,558145
OP08-106p1,OP-08,558146
OP08-107,OP-08,558147
OP08-108,OP-08,558148
OP08-109,OP-08,558149
OP08-110,OP-08,558150
OP08-110p1,OP-08,558151
OP08-111,OP-08,558152
OP08-112,OP-08,558153
OP08-112p1,OP-08,558154
OP08-113,OP-08,558155
OP08-114,OP-08,558156
OP08-115,OP-08,558157
OP08-116,OP-08,558158
OP08-117,OP-08,558159
OP08-118,OP-08,558160
OP08-118p1,OP-08,558161
OP08-118p2,OP-08,558162
OP08-119,OP-08,558163
OP08-119p1,OP-08,558164
OP09-001,OP-09,596919
OP09-001p1,OP-09,596920
OP09-002,OP-09,596921
OP09-002p1,OP-09,596922
OP09-003,OP-09,596923
OP09-004,OP-09,596924
OP09-004p1,OP-09,596926
OP09-004p2,OP-09,596925
OP09-004p3,OP-09,596927
OP09-005,OP-09,596928
OP09-006,OP-09,596929
OP09-007,OP-09,596930
OP09-008,OP-09,596931
OP09-009,OP-09,596932
OP09-009p1,OP-09,596933
OP09-010,OP-09,596934
OP09-011,OP-09,596935
OP09-012,OP-09,596936
OP09-013,OP-09,596937
OP09-014,OP-09,596938
OP09-015,OP-09,596939
OP09-016,OP-09,596940
OP09-017,OP-09,596941
OP09-018,OP-09,596942
OP09-019,OP-09,596943
OP09-020,OP-09,596944
OP09-021,OP-09,596945
OP09-022,OP-09,596946
OP09-022p1,OP-09,596947
OP09-023,OP-09,596948
OP09-023p1,OP-09,596949
OP09-024,OP-09,596950
OP09-025,OP-09,596951
OP09-026,OP-09,596952
OP09-027,OP-09,596953
OP09-028,OP-09,596954
OP09-029,OP-09,596955
OP09-030,OP-09,596956
OP09-031,OP-09,596957
OP09-032,OP-09,596958
OP09-033,OP-09,596959
OP09-034,OP-09,596960
OP09-034p1,OP-09,596961
OP09-035,OP-09,596962
OP09-036,OP-09,596963
OP09-037,OP-09,596964
OP09-037p1,OP-09,596965
OP09-038,OP-09,596966
OP09-039,OP-09,596967
OP09-040,OP-09,596968
OP09-041,OP-09,596969
OP09-042,OP-09,596970
OP09-042p1,OP-09,596971
OP09-043,OP-09,596972
OP09-044,OP-09,596973
OP09-045,OP-09,596974
OP09-046,OP-09,596975
OP09-046p1,OP-09,596976
OP09-047,OP-09,596977
OP09-048,OP-09,596978
OP09-048p1,OP-09,596979
OP09-049,OP-09,596980
OP09-050,OP-09,596981
OP09-050p1,OP-09,596982
OP09-051,OP-09,596983
OP09-051p1,OP-09,596985
OP09-051p2,OP-09,596984
OP09-051p3,OP-09,596986
OP09-052,OP-09,596987
OP09-053,OP-09,596988
OP09-054,OP-09,596989
OP09-055,OP-09,596990
OP09-056,OP-09,596991
OP09-057,OP-09,596992
OP09-058,OP-09,596993
OP09-059,OP-09,596994
OP09-060,OP-09,596995
OP09-061,OP-09,596996
OP09-061p1,OP-09,596997
OP09-062,OP-09,596998
OP09-062p1,OP-09,596999
OP09-063,OP-09,597000
OP09-064,OP-09,597001
OP09-065,OP-09,597002
OP09-065p1,OP-09,597003
OP09-066,OP-09,597004
OP09-067,OP-09,597005
OP09-068,OP-09,597006
OP09-069,OP-09,597007
OP09-069p1,OP-09,597008
OP09-070,OP-09,597009
OP09-071,OP-09,597010
OP09-072,OP-09,597011
OP09-072p1,OP-09,597012
OP09-073,OP-09,597013
OP09-074,OP-09,597014
OP09-075,OP-09,597015
OP09-076,OP-09,597016
OP09-077,OP-09,597017
OP09-078,OP-09,597018
OP09-079,OP-09,597019
OP09-080,OP-09,597020
OP09-081,OP-09,597021
OP09-081p1,OP-09,597022
OP09-082,OP-09,597023
OP09-083,OP-09,597024
OP09-084,OP-09,597025
OP09-085,OP-09,597026
OP09-086,OP-09,597027
OP09-087,OP-09,597028
OP09-088,OP-09,597029
OP09-089,OP-09,597030
OP09-090,OP-09,597031
OP09-091,OP-09,597032
OP09-092,OP-09,597033
OP09-093,OP-09,597034
OP09-093p1,OP-09,597036
OP09-093p2,OP-09,597035
OP09-093p3,OP-09,597037
OP09-094,OP-09,597038
OP09-095,OP-09,597039
OP09-096,OP-09,597040
OP09-097,OP-09,597041
OP09-098,OP-09,597042
OP09-099,OP-09,597043
OP09-100,OP-09,597044
OP09-101,OP-09,597045
OP09-102,OP-09,597046
OP09-103,OP-09,597047
OP09-103p1,OP-09,597048
OP09-104,OP-09,597049
OP09-105,OP-09,597050
OP09-106,OP-09,597051
OP09-107,OP-09,597052
OP09-107p1,OP-09,597053
OP09-108,OP-09,597054
OP09-109,OP-09,597055
OP09-110,OP-09,597056
OP09-111,OP-09,597057
OP09-112,OP-09,597058
OP09-113,OP-09,597059
OP09-114,OP-09,597060
OP09-115,OP-09,597061
OP09-116,OP-09,597062
OP09-117,OP-09,597063
OP09-118,OP-09,597064
OP09-118p1,OP-09,597066
OP09-118p2,OP-09,597065
OP09-119,OP-09,597067
OP09-119p1,OP-09,597069
OP09-119p2,OP-09,597068
OP10-001,OP-10,617030
OP10-001p1,OP-10,617031
OP10-002,OP-10,617032
OP10-002p1,OP-10,617033
OP10-003,OP-10,617034
OP10-003p1,OP-10,617035
OP10-004,OP-10,617036
OP10-005,OP-10,617037
OP10-005p1,OP-10,617038
OP10-006,OP-10,617039
OP10-007,OP-10,617040
OP10-008,OP-10,617041
OP10-009,OP-10,617042
OP10-010,OP-10,617043
OP10-011,OP-10,617044
OP10-012,OP-10,617045
OP10-013,OP-10,617046
OP10-014,OP-10,617047
OP10-015,OP-10,617048
OP10-016,OP-10,617049
OP10-016p1,OP-10,617050
OP10-017,OP-10,617051
OP10-018,OP-10,617052
OP10-019,OP-10,617053
OP10-019p1,OP-10,617054
OP10-020,OP-10,617055
OP10-021,OP-10,617056
OP10-022,OP-10,617057
OP10-022p1,OP-10,617058
OP10-023,OP-10,617059
OP10-024,OP-10,617060
OP10-025,OP-10,617061
OP10-026,OP-10,617062
OP10-027,OP-10,617063
OP10-028,OP-10,617064
OP10-029,OP-10,617065
OP10-030,OP-10,617066
OP10-030p1,OP-10,617067
OP10-031,OP-10,617068
OP10-032,OP-10,617069
OP10-032p1,OP-10,617070
OP10-033,OP-10,617071
OP10-034,OP-10,617072
OP10-035,OP-10,617073
OP10-036,OP-10,617074
OP10-037,OP-10,617075
OP10-037p1,OP-10,617076
OP10-038,OP-10,617077
OP10-039,OP-10,617078
OP10-040,OP-10,617079
OP10-041,OP-10,617080
OP10-042,OP-10,617081
OP10-042p1,OP-10,617082
OP10-043,OP-10,617083
OP10-044,OP-10,617084
OP10-045,OP-10,617085
OP10-045p1,OP-10,617086
OP10-046,OP-10,617087
OP10-046p1,OP-10,617088
OP10-047,OP-10,617089
OP10-048,OP-10,617090
OP10-049,OP-10,617091
OP10-050,OP-10,617092
OP10-051,OP-10,617093
OP10-052,OP-10,617094
OP10-053,OP-10,617095
OP10-054,OP-10,617096
OP10-055,OP-10,617097
OP10-056,OP-10,617098
OP10-057,OP-10,617099
OP10-058,OP-10,617100
OP10-058p1,OP-10,617101
OP10-059,OP-10,617102
OP10-060,OP-10,617103
OP10-061,OP-10,617104
OP10-062,OP-10,617105
OP10-063,OP-10,617106
OP10-064,OP-10,617107
OP10-065,OP-10,617108
OP10-066,OP-10,617109
OP10-067,OP-10,617110
OP10-067p1,OP-10,617111
OP10-068,OP-10,617112
OP10-069,OP-10,617113
OP10-070,OP-10,617114
OP10-071,OP-10,617115
OP10-071p1,OP-10,617116
OP10-072,OP-10,617117
OP10-072p1,OP-10,617118
OP10-073,OP-10,617119
OP10-074,OP-10,617120
OP10-075,OP-10,617121
OP10-076,OP-10,617122
OP10-077,OP-10,617123
OP10-078,OP-10,617124
OP10-079,OP-10,617125
OP10-080,OP-10,617126
OP10-081,OP-10,617127
OP10-082,OP-10,617128
OP10-082p1,OP-10,617129
OP10-083,OP-10,617130
OP10-084,OP-10,617131
OP10-085,OP-10,617132
OP10-086,OP-10,617133
OP10-087,OP-10,617134
OP10-088,OP-10,617135
OP10-089,OP-10,617136
OP10-090,OP-10,617137
OP10-090p1,OP-10,617138
OP10-091,OP-10,617139
OP10-092,OP-10,617140
OP10-093,OP-10,617141
OP10-094,OP-10,617142
OP10-095,OP-10,617143
OP10-096,OP-10,617144
OP10-097,OP-10,617145
OP10-098,OP-10,617146
OP10-099,OP-10,617147
OP10-099p1,OP-10,617148
OP10-100,OP-10,617149
OP10-101,OP-10,617150
OP10-102,OP-10,617151
OP10-103,OP-10,617152
OP10-104,OP-10,617153
OP10-105,OP-10,617154
OP10-106,OP-10,617155
OP10-107,OP-10,617156
OP10-108,OP-10,617157
OP10-109,OP-10,617158
OP10-110,OP-10,617159
OP10-111,OP-10,617160
OP10-111p1,OP-10,617161
OP10-112,OP-10,617162
OP10-112p1,OP-10,617163
OP10-113,OP-10,617164
OP10-114,OP-10,617165
OP10-115,OP-10,617166
OP10-116,OP-10,617167
OP10-117,OP-10,617168
OP10-118,OP-10,617169
OP10-118p1,OP-10,617170
OP10-119,OP-10,617171
OP10-119p1,OP-10,617172
OP10-119p2,OP-10,617173
OP11-001,OP-11,632355
OP11-001p1,OP-11,632356
OP11-002,OP-11,632357
OP11-003,OP-11,632358
OP11-004,OP-11,632359
OP11-004p1,OP-11,632360
OP11-005,OP-11,632361
OP11-006,OP-11,632362
OP11-007,OP-11,632363
OP11-008,OP-11,632364
OP11-008p1,OP-11,632365
OP11-009,OP-11,632366
OP11-010,OP-11,632367
OP11-010p1,OP-11,632368
OP11-011,OP-11,632369
OP11-012,OP-11,632370
OP11-013,OP-11,632371
OP11-014,OP-11,632372
OP11-015,OP-11,632373
OP11-016,OP-11,632374
OP11-017,OP-11,632375
OP11-018,OP-11,632376
OP11-018p1,OP-11,632377
OP11-019,OP-11,632378
OP11-020,OP-11,632379
OP11-021,OP-11,632380
OP11-021p1,OP-11,632381
OP11-022,OP-11,632382
OP11-022p1,OP-11,632383
OP11-023,OP-11,632384
OP11-023p1,OP-11,632385
OP11-024,OP-11,632386
OP11-025,OP-11,632387
OP11-026,OP-11,632388
OP11-027,OP-11,632389
OP11-028,OP-11,632390
OP11-029,OP-11,632391
OP11-030,OP-11,632392
OP11-031,OP-11,632393
OP11-031p1,OP-11,632394
OP11-032,OP-11,632395
OP11-033,OP-11,632396
OP11-034,OP-11,632397
OP11-035,OP-11,632398
OP11-036,OP-11,632399
OP11-037,OP-11,632400
OP11-038,OP-11,632401
OP11-039,OP-11,632402
OP11-040,OP-11,632403
OP11-040p1,OP-11,632404
OP11-041,OP-11,632405
OP11-041p1,OP-11,632406
OP11-042,OP-11,632407
OP11-043,OP-11,632408
OP11-044,OP-11,632409
OP11-045,OP-11,632410
OP11-046,OP-11,632411
OP11-047,OP-11,632412
OP11-047p1,OP-11,632413
OP11-048,OP-11,632414
OP11-049,OP-11,632415
OP11-050,OP-11,632416
OP11-051,OP-11,632417
OP11-051p1,OP-11,632418
OP11-052,OP-11,632419
OP11-053,OP-11,632420
OP11-054,OP-11,632421
OP11-054p1,OP-11,632422
OP11-055,OP-11,632423
OP11-056,OP-11,632424
OP11-057,OP-11,632425
OP11-058,OP-11,632426
OP11-059,OP-11,632427
OP11-060,OP-11,632428
OP11-061,OP-11,632429
OP11-062,OP-11,632430
OP11-062p1,OP-11,632431
OP11-063,OP-11,632432
OP11-064,OP-11,632433
OP11-065,OP-11,632434
OP11-066,OP-11,632435
OP11-067,OP-11,632436
OP11-067p1,OP-11,632437
OP11-068,OP-11,632438
OP11-069,OP-11,632439
OP11-070,OP-11,632440
OP11-070p1,OP-11,632441
OP11-071,OP-11,632442
OP11-072,OP-11,632443
OP11-073,OP-11,632444
OP11-073p1,OP-11,632445
OP11-074,OP-11,632446
OP11-075,OP-11,632447
OP11-076,OP-11,632448
OP11-077,OP-11,632449
OP11-078,OP-11,632450
OP11-079,OP-11,632451
OP11-080,OP-11,632452
OP11-080p1,OP-11,632453
OP11-081,OP-11,632454
OP11-082,OP-11,632455
OP11-083,OP-11,632456
OP11-084,OP-11,632457
OP11-084p1,OP-11,632458
OP11-085,OP-11,632459
OP11-086,OP-11,632460
OP11-087,OP-11,632461
OP11-088,OP-11,632462
OP11-089,OP-11,632463
OP11-090,OP-11,632464
OP11-091,OP-11,632465
OP11-092,OP-11,632466
OP11-092p1,OP-11,632467
OP11-093,OP-11,632468
OP11-094,OP-11,632469
OP11-095,OP-11,632470
OP11-095p1,OP-11,632471
OP11-096,OP-11,632472
OP11-097,OP-11,632473
OP11-098,OP-11,632474
OP11-099,OP-11,632475
OP11-100,OP-11,632476
OP11-101,OP-11,632477
OP11-101p1,OP-11,632478
OP11-102,OP-11,632479
OP11-103,OP-11,632480
OP11-104,OP-11,632481
OP11-105,OP-11,632482
OP11-106,OP-11,632483
OP11-106p1,OP-11,632484
OP11-107,OP-11,632485
OP11-108,OP-11,632486
OP11-109,OP-11,632487
OP11-110,OP-11,632488
OP11-111,OP-11,632489
OP11-112,OP-11,632490
OP11-113,OP-11,632491
OP11-114,OP-11,632492
OP11-114p1,OP-11,632493
OP11-115,OP-11,632494
OP11-116,OP-11,632495
OP11-117,OP-11,632496
OP11-118,OP-11,632497
OP11-118p1,OP-11,632498
OP11-118p2,OP-11,632499
OP11-119,OP-11,632500
OP11-119p1,OP-11,632501
OP12-001,OP-12,643723
OP12-001p1,OP-12,643724
OP12-002,OP-12,643725
OP12-003,OP-12,643726
OP12-004,OP-12,643727
OP12-005,OP-12,643729
OP12-006,OP-12,643730
OP12-007,OP-12,643731
OP12-008,OP-12,643732
OP12-008p1,OP-12,643733
OP12-009,OP-12,643734
OP12-010,OP-12,643735
OP12-011,OP-12,643736
OP12-012,OP-12,643737
OP12-013,OP-12,643738
OP12-014,OP-12,643739
OP12-014p1,OP-12,643740
OP12-015,OP-12,643741
OP12-015p1,OP-12,643742
OP12-016,OP-12,643743
OP12-017,OP-12,643744
OP12-018,OP-12,643745
OP12-019,OP-12,643746
OP12-020,OP-12,643747
OP12-020p1,OP-12,643748
OP12-021,OP-12,643749
OP12-022,OP-12,643750
OP12-023,OP-12,643751
OP12-024,OP-12,643752
OP12-025,OP-12,643753
OP12-026,OP-12,643754
OP12-027,OP-12,643755
OP12-028,OP-12,643756
OP12-029,OP-12,643757
OP12-030,OP-12,643758
OP12-030p1,OP-12,643759
OP12-031,OP-12,643760
OP12-031p1,OP-12,643761
OP12-032,OP-12,643762
OP12-033,OP-12,643763
OP12-034,OP-12,643764
OP12-034p1,OP-12,643765
OP12-035,OP-12,643766
OP12-036,OP-12,643767
OP12-037,OP-12,643768
OP12-037p1,OP-12,643769
OP12-038,OP-12,643770
OP12-039,OP-12,643771
OP12-040,OP-12,643772
OP12-040p1,OP-12,643773
OP12-041,OP-12,643774
OP12-041p1,OP-12,643775
OP12-042,OP-12,643776
OP12-043,OP-12,643777
OP12-043p1,OP-12,643778
OP12-044,OP-12,643779
OP12-045,OP-12,643780
OP12-046,OP-12,643781
OP12-047,OP-12,643782
OP12-048,OP-12,643783
OP12-049,OP-12,643784
OP12-050,OP-12,643785
OP12-051,OP-12,643786
OP12-052,OP-12,643787
OP12-053,OP-12,643788
OP12-054,OP-12,643789
OP12-055,OP-12,643790
OP12-056,OP-12,643791
OP12-056p1,OP-12,643792
OP12-057,OP-12,643793
OP12-058,OP-12,643794
OP12-059,OP-12,643795
OP12-060,OP-12,643796
OP12-060p1,OP-12,643797
OP12-061,OP-12,643798
OP12-061p1,OP-12,643799
OP12-062,OP-12,643800
OP12-063,OP-12,643801
OP12-063p1,OP-12,643802
OP12-064,OP-12,643803
OP12-065,OP-12,643804
OP12-066,OP-12,643805
OP12-067,OP-12,643806
OP12-068,OP-12,643807
OP12-069,OP-12,643808
OP12-070,OP-12,643809
OP12-070p1,OP-12,643810
OP12-071,OP-12,643811
OP12-072,OP-12,643812
OP12-073,OP-12,643813
OP12-073p1,OP-12,643814
OP12-074,OP-12,643815
OP12-075,OP-12,643816
OP12-076,OP-12,643817
OP12-077,OP-12,643818
OP12-078,OP-12,643819
OP12-079,OP-12,643820
OP12-080,OP-12,643821
OP12-081,OP-12,643822
OP12-081p1,OP-12,643823
OP12-082,OP-12,643824
OP12-083,OP-12,643825
OP12-084,OP-12,643826
OP12-085,OP-12,643827
OP12-086,OP-12,643828
OP12-086p1,OP-12,643829
OP12-087,OP-12,643830
OP12-087p1,OP-12,643831
OP12-088,OP-12,643832
OP12-089,OP-12,643833
OP12-090,OP-12,643834
OP12-091,OP-12,643835
OP12-092,OP-12,643836
OP12-093,OP-12,643837
OP12-094,OP-12,643838
OP12-094p1,OP-12,643839
OP12-095,OP-12,643840
OP12-096,OP-12,643841
OP12-097,OP-12,643842
OP12-098,OP-12,643843
OP12-099,OP-12,643844
OP12-100,OP-12,643845
OP12-101,OP-12,643846
OP12-102,OP-12,643847
OP12-102p1,OP-12,643848
OP12-103,OP-12,643849
OP12-104,OP-12,643850
OP12-105,OP-12,643851
OP12-106,OP-12,643852
OP12-107,OP-12,643853
OP12-108,OP-12,643854
OP12-108p1,OP-12,643855
OP12-109,OP-12,643856
OP12-110,OP-12,643857
OP12-111,OP-12,643858
OP12-112,OP-12,643859
OP12-113,OP-12,643860
OP12-114,OP-12,643861
OP12-115,OP-12,643862
OP12-116,OP-12,643863
OP12-117,OP-12,643864
OP12-118,OP-12,643865
OP12-118p1,OP-12,643866
OP12-118p2,OP-12,643867
OP12-119,OP-12,643868
OP12-119p1,OP-12,643869
OP13-001,OP-13,657250
OP13-001p1,OP-13,657251
OP13-002,OP-13,657252
OP13-002p1,OP-13,657253
OP13-003,OP-13,657254
OP13-003p1,OP-13,657255
OP13-004,OP-13,657256
OP13-004p1,OP-13,657257
OP13-005,OP-13,657258
OP13-006,OP-13,657259
OP13-007,OP-13,657260
OP13-007p1,OP-13,657261
OP13-008,OP-13,657262
OP13-009,OP-13,657263
OP13-010,OP-13,657264
OP13-011,OP-13,657265
OP13-012,OP-13,657266
OP13-013,OP-13,657267
OP13-014,OP-13,657268
OP13-015,OP-13,657269
OP13-016,OP-13,657270
OP13-016p1,OP-13,657271
OP13-017,OP-13,657272
OP13-018,OP-13,657273
OP13-019,OP-13,657274
OP13-020,OP-13,657275
OP13-021,OP-13,657276
OP13-022,OP-13,657277
OP13-023,OP-13,657278
OP13-023p1,OP-13,657279
OP13-024,OP-13,657280
OP13-025,OP-13,657281
OP13-026,OP-13,657282
OP13-027,OP-13,657283
OP13-027p1,OP-13,657284
OP13-028,OP-13,657285
OP13-028p1,OP-13,657286
OP13-029,OP-13,657287
OP13-030,OP-13,657288
OP13-031,OP-13,657289
OP13-032,OP-13,657290
OP13-033,OP-13,657291
OP13-034,OP-13,657292
OP13-035,OP-13,657293
OP13-036,OP-13,657294
OP13-037,OP-13,657295
OP13-038,OP-13,657296
OP13-039,OP-13,657297
OP13-040,OP-13,657298
OP13-041,OP-13,657299
OP13-042,OP-13,657300
OP13-042p1,OP-13,657301
OP13-043,OP-13,657302
OP13-044,OP-13,657303
OP13-045,OP-13,657304
OP13-046,OP-13,657305
OP13-047,OP-13,657306
OP13-048,OP-13,657307
OP13-049,OP-13,657308
OP13-050,OP-13,657309
OP13-051,OP-13,657310
OP13-051p1,OP-13,657311
OP13-052,OP-13,657312
OP13-053,OP-13,657313
OP13-054,OP-13,657314
OP13-054p1,OP-13,657315
OP13-055,OP-13,657316
OP13-056,OP-13,657317
OP13-057,OP-13,657318
OP13-058,OP-13,657319
OP13-059,OP-13,657320
OP13-060,OP-13,657321
OP13-061,OP-13,657322
OP13-062,OP-13,657323
OP13-063,OP-13,657324
OP13-064,OP-13,657325
OP13-064p1,OP-13,657326
OP13-065,OP-13,657327
OP13-065p1,OP-13,657328
OP13-066,OP-13,657329
OP13-066p1,OP-13,657330
OP13-067,OP-13,657331
OP13-068,OP-13,657332
OP13-069,OP-13,657333
OP13-070,OP-13,657334
OP13-071,OP-13,657335
OP13-072,OP-13,657336
OP13-073,OP-13,657337
OP13-074,OP-13,657338
OP13-075,OP-13,657339
OP13-076,OP-13,657340
OP13-076p1,OP-13,657341
OP13-077,OP-13,657342
OP13-078,OP-13,657343
OP13-079,OP-13,657344
OP13-079p1,OP-13,657345
OP13-080,OP-13,657346
OP13-080p1,OP-13,657347
OP13-080p2,OP-13,657348
OP13-081,OP-13,657349
OP13-082,OP-13,657350
OP13-082p1,OP-13,657351
OP13-083,OP-13,657352
OP13-083p1,OP-13,657353
OP13-083p2,OP-13,657354
OP13-084,OP-13,657355
OP13-084p1,OP-13,657356
OP13-084p2,OP-13,657357
OP13-085,OP-13,657358
OP13-086,OP-13,657359
OP13-087,OP-13,657360
OP13-088,OP-13,657361
OP13-089,OP-13,657362
OP13-089p1,OP-13,657363
OP13-089p2,OP-13,657364
OP13-090,OP-13,657365
OP13-091,OP-13,657366
OP13-091p1,OP-13,657367
OP13-091p2,OP-13,657368
OP13-092,OP-13,657369
OP13-093,OP-13,657370
OP13-094,OP-13,657371
OP13-095,OP-13,657372
OP13-096,OP-13,657373
OP13-097,OP-13,657374
OP13-098,OP-13,657375
OP13-099,OP-13,657376
OP13-100,OP-13,657377
OP13-100p1,OP-13,657378
OP13-101,OP-13,657379
OP13-102,OP-13,657380
OP13-103,OP-13,657381
OP13-104,OP-13,657382
OP13-105,OP-13,657383
OP13-106,OP-13,657384
OP13-107,OP-13,657385
OP13-108,OP-13,657386
OP13-108p1,OP-13,657387
OP13-109,OP-13,657388
OP13-110,OP-13,657389
OP13-110p1,OP-13,657390
OP13-111,OP-13,657391
OP13-112,OP-13,657392
OP13-113,OP-13,657393
OP13-113p1,OP-13,657394
OP13-114,OP-13,657395
OP13-114p1,OP-13,657396
OP13-115,OP-13,657397
OP13-116,OP-13,657398
OP13-117,OP-13,657399
OP13-118,OP-13,657400
OP13-118p1,OP-13,657403
OP13-118p2,OP-13,657402
OP13-118p3,OP-13,657401
OP13-118p4,OP-13,657404
OP13-119,OP-13,657405
OP13-119p1,OP-13,657408
OP13-119p2,OP-13,657407
OP13-119p3,OP-13,657406
OP13-119p4,OP-13,657409
OP13-120,OP-13,657410
OP13-120p1,OP-13,657413
OP13-120p2,OP-13,657412
OP13-120p3,OP-13,657411
OP13-120p4,OP-13,657414
OP14-001,OP-14,666518
OP14-001p1,OP-14,666519
OP14-002,OP-14,671349
OP14-003,OP-14,671350
OP14-004,OP-14,671351
OP14-005,OP-14,671352
OP14-006,OP-14,671353
OP14-007,OP-14,671354
OP14-008,OP-14,671355
OP14-009,OP-14,668636
OP14-009p1,OP-14,668637
OP14-010,OP-14,671356
OP14-011,OP-14,671357
OP14-012,OP-14,671358
OP14-013,OP-14,666520
OP14-013p1,OP-14,666521
OP14-014,OP-14,671359
OP14-015,OP-14,672111
OP14-015p1,OP-14,670250
OP14-016,OP-14,671360
OP14-017,OP-14,671361
OP14-018,OP-14,671362
OP14-019,OP-14,671363
OP14-020,OP-14,666524
OP14-020p1,OP-14,666525
OP14-021,OP-14,671364
OP14-022,OP-14,671365
OP14-023,OP-14,671366
OP14-024,OP-14,671367
OP14-025,OP-14,671368
OP14-026,OP-14,671369
OP14-027,OP-14,671370
OP14-027p1,OP-14,670255
OP14-028,OP-14,671371
OP14-029,OP-14,671372
OP14-030,OP-14,671373
OP14-031,OP-14,670252
OP14-031p1,OP-14,670254
OP14-032,OP-14,671374
OP14-033,OP-14,666526
OP14-033p1,OP-14,666527
OP14-034,OP-14,671375
OP14-035,OP-14,671376
OP14-036,OP-14,671377
OP14-037,OP-14,671378
OP14-038,OP-14,671379
OP14-039,OP-14,671380
OP14-040,OP-14,668568
OP14-040p1,OP-14,668569
OP14-041,OP-14,668333
OP14-041p1,OP-14,668335
OP14-042,OP-14,671381
OP14-042p1,OP-14,670597
OP14-043,OP-14,671382
OP14-044,OP-14,671383
OP14-045,OP-14,671384
OP14-046,OP-14,671385
OP14-047,OP-14,671386
OP14-048,OP-14,671387
OP14-049,OP-14,668570
OP14-049p1,OP-14,668571
OP14-050,OP-14,671388
OP14-051,OP-14,671389
OP14-052,OP-14,671390
OP14-053,OP-14,671391
OP14-054,OP-14,671392
OP14-055,OP-14,671393
OP14-056,OP-14,671394
OP14-057,OP-14,671395
OP14-058,OP-14,671396
OP14-059,OP-14,671397
OP14-060,OP-14,666528
OP14-060p1,OP-14,666529
OP14-061,OP-14,671398
OP14-061p1,OP-14,670251
OP14-062,OP-14,671399
OP14-063,OP-14,666530
OP14-064,OP-14,671400
OP14-065,OP-14,671401
OP14-066,OP-14,671402
OP14-067,OP-14,671403
OP14-068,OP-14,671404
OP14-069,OP-14,668638
OP14-069p1,OP-14,668639
OP14-070,OP-14,671405
OP14-071,OP-14,671406
OP14-072,OP-14,671407
OP14-073,OP-14,671408
OP14-074,OP-14,671409
OP14-075,OP-14,671410
OP14-076,OP-14,671411
OP14-077,OP-14,671412
OP14-078,OP-14,671413
OP14-079,OP-14,666761
OP14-079p1,OP-14,666762
OP14-080,OP-14,666572
OP14-080p1,OP-14,666573
OP14-081,OP-14,671414
OP14-082,OP-14,671415
OP14-083,OP-14,671416
OP14-084,OP-14,666912
OP14-084p1,OP-14,666913
OP14-085,OP-14,671417
OP14-086,OP-14,671418
OP14-087,OP-14,671419
OP14-088,OP-14,671420
OP14-089,OP-14,671421
OP14-090,OP-14,671422
OP14-090p1,OP-14,670630
OP14-091,OP-14,670639
OP14-091p1,OP-14,670640
OP14-092,OP-14,671423
OP14-093,OP-14,671424
OP14-094,OP-14,671425
OP14-095,OP-14,671426
OP14-096,OP-14,671427
OP14-096p1,OP-14,670874
OP14-097,OP-14,671428
OP14-098,OP-14,671429
OP14-099,OP-14,671430
OP14-100,OP-14,671431
OP14-101,OP-14,671432
OP14-102,OP-14,671433
OP14-103,OP-14,671434
OP14-104,OP-14,666574
OP14-104p1,OP-14,666575
OP14-105,OP-14,671435
OP14-106,OP-14,671436
OP14-107,OP-14,671437
OP14-108,OP-14,671438
OP14-109,OP-14,671439
OP14-110,OP-14,671440
OP14-111,OP-14,671441
OP14-111p1,OP-14,670596
OP14-112,OP-14,668342
OP14-112p1,OP-14,668343
OP14-112p2,OP-14,671457
OP14-113,OP-14,671442
OP14-114,OP-14,671443
OP14-115,OP-14,671444
OP14-116,OP-14,671445
OP14-117,OP-14,671446
OP14-118,OP-14,671447
OP14-118p1,OP-14,670875
OP14-119,OP-14,668641
OP14-119p1,OP-14,668643
OP14-119p2,OP-14,671448
OP14-120,OP-14,668640
OP14-120p1,OP-14,668642
OP15-001,OP-15,685336
OP15-001p1,OP-15,685337
OP15-002,OP-15,685338
OP15-002p1,OP-15,685339
OP15-003,OP-15,685340
OP15-003p1,OP-15,685341
OP15-004,OP-15,685342
OP15-005,OP-15,685343
OP15-006,OP-15,685344
OP15-007,OP-15,685345
OP15-007p1,OP-15,685346
OP15-008,OP-15,685347
OP15-008p1,OP-15,685348
OP15-009,OP-15,685349
OP15-010,OP-15,685350
OP15-011,OP-15,685351
OP15-012,OP-15,685352
OP15-013,OP-15,685353
OP15-014,OP-15,685354
OP15-015,OP-15,685355
OP15-016,OP-15,685356
OP15-017,OP-15,685357
OP15-018,OP-15,685358
OP15-019,OP-15,685359
OP15-020,OP-15,685360
OP15-021,OP-15,685361
OP15-022,OP-15,685362
OP15-022p1,OP-15,685363
OP15-023,OP-15,685364
OP15-024,OP-15,685365
OP15-025,OP-15,685366
OP15-025p1,OP-15,685367
OP15-026,OP-15,685368
OP15-027,OP-15,685369
OP15-028,OP-15,685370
OP15-029,OP-15,685371
OP15-030,OP-15,685372
OP15-031,OP-15,685373
OP15-032,OP-15,685374
OP15-032p1,OP-15,685375
OP15-033,OP-15,685376
OP15-034,OP-15,685377
OP15-035,OP-15,685378
OP15-036,OP-15,685379
OP15-037,OP-15,685380
OP15-038,OP-15,685381
OP15-039,OP-15,685382
OP15-039p1,OP-15,685383
OP15-040,OP-15,685384
OP15-041,OP-15,685385
OP15-042,OP-15,685386
OP15-043,OP-15,685387
OP15-044,OP-15,685388
OP15-045,OP-15,685389
OP15-046,OP-15,685390
OP15-046p1,OP-15,685391
OP15-047,OP-15,685392
OP15-047p1,OP-15,685393
OP15-048,OP-15,685394
OP15-049,OP-15,685395
OP15-050,OP-15,685396
OP15-051,OP-15,685397
OP15-052,OP-15,685398
OP15-053,OP-15,685399
OP15-053p1,OP-15,685400
OP15-054,OP-15,685401
OP15-055,OP-15,685402
OP15-056,OP-15,685403
OP15-057,OP-15,685404
OP15-058,OP-15,685405
OP15-058p1,OP-15,685406
OP15-059,OP-15,685407
OP15-060,OP-15,685408
OP15-060p1,OP-15,685409
OP15-061,OP-15,685410
OP15-061p1,OP-15,685411
OP15-062,OP-15,685412
OP15-063,OP-15,685413
OP15-064,OP-15,685414
OP15-065,OP-15,685415
OP15-066,OP-15,685416
OP15-067,OP-15,685417
OP15-068,OP-15,685418
OP15-069,OP-15,685419
OP15-070,OP-15,685420
OP15-071,OP-15,685421
OP15-072,OP-15,685422
OP15-073,OP-15,685423
OP15-074,OP-15,685424
OP15-075,OP-15,685425
OP15-076,OP-15,685426
OP15-077,OP-15,685427
OP15-077p1,OP-15,685428
OP15-078,OP-15,685429
OP15-078p1,OP-15,685430
OP15-079,OP-15,685431
OP15-080,OP-15,685432
OP15-081,OP-15,685433
OP15-082,OP-15,685434
OP15-083,OP-15,685435
OP15-084,OP-15,685436
OP15-085,OP-15,685437
OP15-086,OP-15,685438
OP15-086p1,OP-15,685439
OP15-087,OP-15,685440
OP15-088,OP-15,685441
OP15-089,OP-15,685442
OP15-090,OP-15,685443
OP15-091,OP-15,685444
OP15-092,OP-15,685445
OP15-092p1,OP-15,685446
OP15-093,OP-15,685447
OP15-094,OP-15,685448
OP15-095,OP-15,685449
OP15-096,OP-15,685450
OP15-097,OP-15,685451
OP15-098,OP-15,685452
OP15-098p1,OP-15,685453
OP15-099,OP-15,685454
OP15-100,OP-15,685455
OP15-101,OP-15,685456
OP15-102,OP-15,685457
OP15-103,OP-15,685458
OP15-104,OP-15,685459
OP15-105,OP-15,685460
OP15-106,OP-15,685461
OP15-107,OP-15,685462
OP15-108,OP-15,685463
OP15-109,OP-15,685464
OP15-109p1,OP-15,685465
OP15-110,OP-15,685466
OP15-111,OP-15,685467
OP15-112,OP-15,685468
OP15-113,OP-15,685469
OP15-113p1,OP-15,685470
OP15-114,OP-15,685471
OP15-114p1,OP-15,685472
OP15-115,OP-15,685473
OP15-116,OP-15,685474
OP15-116p1,OP-15,685475
OP15-117,OP-15,685476
OP15-118,OP-15,685477
OP15-118p1,OP-15,685478
OP15-118p2,OP-15,685479
OP15-119,OP-15,685480
OP15-119p1,OP-15,685481
OP16-001,OP-16,693417
OP16-001p1,OP-16,693418
OP16-002,OP-16,695987
OP16-003,OP-16,693824
OP16-003p1,OP-16,693822
OP16-004,OP-16,695988
OP16-005,OP-16,695989
OP16-006,OP-16,695990
OP16-007,OP-16,695991
OP16-008,OP-16,695992
OP16-009,OP-16,695993
OP16-010,OP-16,695994
OP16-011,OP-16,695995
OP16-011p1,OP-16,695996
OP16-012,OP-16,695997
OP16-013,OP-16,695998
OP16-014,OP-16,693827
OP16-014p1,OP-16,693826
OP16-015,OP-16,693419
OP16-015p1,OP-16,693420
OP16-016,OP-16,695999
OP16-017,OP-16,696000
OP16-018,OP-16,696001
OP16-019,OP-16,696002
OP16-020,OP-16,696003
OP16-021,OP-16,696004
OP16-021p1,OP-16,696005
OP16-022,OP-16,696006
OP16-022p1,OP-16,696007
OP16-023,OP-16,696008
OP16-024,OP-16,696009
OP16-025,OP-16,696010
OP16-026,OP-16,696011
OP16-026p1,OP-16,696012
OP16-027,OP-16,696013
OP16-028,OP-16,696014
OP16-029,OP-16,696015
OP16-030,OP-16,696016
OP16-031,OP-16,696017
OP16-032,OP-16,695308
OP16-032p1,OP-16,695309
OP16-033,OP-16,696018
OP16-034,OP-16,696019
OP16-034p1,OP-16,696020
OP16-035,OP-16,696021
OP16-036,OP-16,696022
OP16-037,OP-16,696023
OP16-038,OP-16,696024
OP16-039,OP-16,696025
OP16-040,OP-16,696026
OP16-041,OP-16,696027
OP16-041p1,OP-16,696028
OP16-042,OP-16,696029
OP16-043,OP-16,696030
OP16-044,OP-16,696031
OP16-045,OP-16,696032
OP16-046,OP-16,696033
OP16-047,OP-16,696034
OP16-048,OP-16,694644
OP16-048p1,OP-16,694645
OP16-049,OP-16,696035
OP16-050,OP-16,696036
OP16-051,OP-16,696037
OP16-052,OP-16,696038
OP16-053,OP-16,696039
OP16-054,OP-16,696040
OP16-055,OP-16,696041
OP16-055p1,OP-16,696042
OP16-056,OP-16,696043
OP16-056p1,OP-16,696044
OP16-057,OP-16,696045
OP16-058,OP-16,696046
OP16-059,OP-16,696047
OP16-060,OP-16,694653
OP16-060p1,OP-16,694655
OP16-061,OP-16,696048
OP16-062,OP-16,696049
OP16-063,OP-16,696050
OP16-063p1,OP-16,696051
OP16-063p2,OP-16,696052
OP16-064,OP-16,696053
OP16-065,OP-16,694980
OP16-065p1,OP-16,694981
OP16-065p2,OP-16,695986
OP16-066,OP-16,696054
OP16-067,OP-16,696055
OP16-068,OP-16,696056
OP16-069,OP-16,696057
OP16-070,OP-16,696058
OP16-071,OP-16,696059
OP16-072,OP-16,696060
OP16-073,OP-16,694978
OP16-073p1,OP-16,694979
OP16-073p2,OP-16,696108
OP16-074,OP-16,696061
OP16-075,OP-16,696062
OP16-076,OP-16,696063
OP16-077,OP-16,696064
OP16-078,OP-16,696065
OP16-079,OP-16,694067
OP16-079p1,OP-16,694068
OP16-080,OP-16,694627
OP16-080p1,OP-16,694628
OP16-081,OP-16,696066
OP16-082,OP-16,694629
OP16-082p1,OP-16,694631
OP16-083,OP-16,696067
OP16-084,OP-16,696068
OP16-085,OP-16,694642
OP16-085p1,OP-16,694643
OP16-086,OP-16,696069
OP16-087,OP-16,696070
OP16-088,OP-16,696071
OP16-089,OP-16,696072
OP16-090,OP-16,696073
OP16-091,OP-16,696074
OP16-092,OP-16,696075
OP16-093,OP-16,696076
OP16-094,OP-16,696077
OP16-095,OP-16,696078
OP16-096,OP-16,696079
OP16-097,OP-16,696080
OP16-098,OP-16,694640
OP16-098p1,OP-16,694641
OP16-099,OP-16,696081
OP16-100,OP-16,696082
OP16-101,OP-16,696083
OP16-102,OP-16,696084
OP16-103,OP-16,696085
OP16-104,OP-16,696086
OP16-105,OP-16,696087
OP16-106,OP-16,696088
OP16-107,OP-16,696089
OP16-108,OP-16,696090
OP16-108p1,OP-16,696091
OP16-109,OP-16,696092
OP16-110,OP-16,696093
OP16-111,OP-16,696094
OP16-112,OP-16,696095
OP16-113,OP-16,696096
OP16-114,OP-16,696097
OP16-115,OP-16,696098
OP16-116,OP-16,696099
OP16-116p1,OP-16,696100
OP16-117,OP-16,696101
OP16-118,OP-16,694932
OP16-118p1,OP-16,694933
OP16-119,OP-16,695756
OP16-119p1,OP-16,695757
OP17-001,OP-17,705925
OP17-001p1,OP-17,705924
OP17-002,OP-17,712591
OP17-003,OP-17,708075
OP17-004,OP-17,705921
OP17-005,OP-17,711499
OP17-005p1,OP-17,708077
OP17-005p2,OP-17,712083
OP17-006,OP-17,712592
OP17-006p1,OP-17,712593
OP17-007,OP-17,708065
OP17-008,OP-17,712594
OP17-009,OP-17,712595
OP17-010,OP-17,712596
OP17-011,OP-17,712597
OP17-012,OP-17,707125
OP17-013,OP-17,708780
OP17-014,OP-17,712598
OP17-015,OP-17,708073
OP17-016,OP-17,712599
OP17-017,OP-17,712600
OP17-018,OP-17,712601
OP17-019,OP-17,712602
OP17-020,OP-17,705922
OP17-020p1,OP-17,705923
OP17-021,OP-17,712603
OP17-022,OP-17,707120
OP17-022p1,OP-17,707121
OP17-022p2,OP-17,712084
OP17-023,OP-17,712604
OP17-024,OP-17,708398
OP17-025,OP-17,708068
OP17-025p1,OP-17,712605
OP17-026,OP-17,712606
OP17-027,OP-17,708210
OP17-027p1,OP-17,712085
OP17-028,OP-17,705920
OP17-029,OP-17,708076
OP17-030,OP-17,712607
OP17-031,OP-17,711422
OP17-031p1,OP-17,711423
OP17-032,OP-17,712608
OP17-033,OP-17,710616
OP17-034,OP-17,707122
OP17-035,OP-17,712609
OP17-036,OP-17,712610
OP17-037,OP-17,711424
OP17-037p1,OP-17,711425
OP17-038,OP-17,712611
OP17-039,OP-17,712086
OP17-039p1,OP-17,710591
OP17-040,OP-17,712031
OP17-040p1,OP-17,710858
OP17-041,OP-17,712612
OP17-042,OP-17,712613
OP17-043,OP-17,712614
OP17-044,OP-17,712615
OP17-045,OP-17,712616
OP17-045p1,OP-17,712617
OP17-046,OP-17,710541
OP17-046p1,OP-17,711513
OP17-047,OP-17,712618
OP17-048,OP-17,710542
OP17-048p1,OP-17,712087
OP17-049,OP-17,712088
OP17-049p1,OP-17,710540
OP17-050,OP-17,712619
OP17-051,OP-17,712620
OP17-052,OP-17,712621
OP17-053,OP-17,712622
OP17-054,OP-17,712089
OP17-054p1,OP-17,710539
OP17-055,OP-17,712623
OP17-056,OP-17,712624
OP17-057,OP-17,710614
OP17-058,OP-17,707117
OP17-058p1,OP-17,707118
OP17-059,OP-17,709104
OP17-060,OP-17,708395
OP17-061,OP-17,712625
OP17-061p1,OP-17,712626
OP17-062,OP-17,707133
OP17-062p1,OP-17,707135
OP17-062p2,OP-17,712090
OP17-062p3,OP-17,712091
OP17-063,OP-17,710578
OP17-063p1,OP-17,712092
OP17-064,OP-17,712627
OP17-065,OP-17,708066
OP17-066,OP-17,712628
OP17-067,OP-17,712629
OP17-068,OP-17,712630
OP17-069,OP-17,712631
OP17-070,OP-17,712632
OP17-070p1,OP-17,712633
OP17-071,OP-17,707131
OP17-072,OP-17,705990
OP17-073,OP-17,712634
OP17-074,OP-17,710615
OP17-075,OP-17,712635
OP17-076,OP-17,712636
OP17-077,OP-17,712637
OP17-078,OP-17,712638
OP17-079,OP-17,707123
OP17-079p1,OP-17,707124
OP17-079p2,OP-17,712114
OP17-080,OP-17,711426
OP17-080p1,OP-17,711427
OP17-081,OP-17,712639
OP17-082,OP-17,707316
OP17-083,OP-17,707119
OP17-084,OP-17,708392
OP17-085,OP-17,712640
OP17-086,OP-17,712641
OP17-087,OP-17,708399
OP17-087p1,OP-17,712115
OP17-088,OP-17,712642
OP17-088p1,OP-17,712643
OP17-089,OP-17,708782
OP17-090,OP-17,712644
OP17-091,OP-17,712645
OP17-092,OP-17,712646
OP17-093,OP-17,710861
OP17-093p1,OP-17,710862
OP17-094,OP-17,712647
OP17-095,OP-17,710617
OP17-096,OP-17,712648
OP17-097,OP-17,712649
OP17-098,OP-17,712650
OP17-099,OP-17,707138
OP17-099p1,OP-17,707139
OP17-100,OP-17,712651
OP17-101,OP-17,712652
OP17-102,OP-17,712653
OP17-103,OP-17,710863
OP17-104,OP-17,708209
OP17-105,OP-17,707116
OP17-106,OP-17,707144
OP17-107,OP-17,712654
OP17-107p1,OP-17,712655
OP17-108,OP-17,712656
OP17-109,OP-17,708074
OP17-110,OP-17,712657
OP17-111,OP-17,712658
OP17-112,OP-17,711325
OP17-112p1,OP-17,711324
OP17-112p2,OP-17,708072
OP17-113,OP-17,712659
OP17-114,OP-17,709105
OP17-114p1,OP-17,712116
OP17-115,OP-17,712660
OP17-116,OP-17,712661
OP17-117,OP-17,712662
OP17-118,OP-17,709836
OP17-118p1,OP-17,709837
OP17-119,OP-17,710585
OP17-119p1,OP-17,710586
OP01-006p3,PRB-01,594067
OP01-006p4,PRB-01,593270
OP01-006p5,PRB-01,586187
OP01-016p7,PRB-01,587966
OP01-024p2,PRB-01,586178
OP01-029p1,PRB-01,593272
OP01-029p2,PRB-01,593883
OP01-033p4,PRB-01,586589
OP01-033p5,PRB-01,593284
OP01-033p6,PRB-01,593285
OP01-041p4,PRB-01,586590
OP01-041p5,PRB-01,593286
OP01-041p6,PRB-01,586591
OP01-047p3,PRB-01,586893
OP01-051p3,PRB-01,586892
OP01-052p3,PRB-01,593291
OP01-052p4,PRB-01,593292
OP01-070p3,PRB-01,586549
OP01-078p3,PRB-01,586548
OP01-120p4,PRB-01,586194
OP01-121p4,PRB-01,586891
OP02-004p4,PRB-01,586182
OP02-015p2,PRB-01,593295
OP02-015p3,PRB-01,593296
OP02-018p4,PRB-01,586183
OP02-018p5,PRB-01,593297
OP02-018p6,PRB-01,586184
OP02-089p1,PRB-01,587190
OP02-089p2,PRB-01,593884
OP02-089p3,PRB-01,587189
OP02-096p3,PRB-01,586720
OP02-099p4,PRB-01,586715
OP02-106p3,PRB-01,593299
OP02-106p4,PRB-01,593300
OP02-114p3,PRB-01,586716
OP02-117p1,PRB-01,593302
OP02-117p2,PRB-01,593885
OP02-121p2,PRB-01,593303
OP03-003p2,PRB-01,586185
OP03-003p3,PRB-01,593304
OP03-003p4,PRB-01,586186
OP03-055p1,PRB-01,593306
OP03-055p2,PRB-01,593886
OP03-056p1,PRB-01,586201
OP03-056p2,PRB-01,593887
OP03-056p3,PRB-01,593307
OP03-057p1,PRB-01,586599
OP03-057p2,PRB-01,593888
OP03-057p3,PRB-01,586598
OP03-060p1,PRB-01,593309
OP03-060p2,PRB-01,593310
OP03-079p1,PRB-01,593311
OP03-079p2,PRB-01,593313
OP03-089p2,PRB-01,586718
OP03-089p3,PRB-01,586719
OP03-089p4,PRB-01,593315
OP03-094p1,PRB-01,593316
OP03-094p2,PRB-01,593889
OP03-108p2,PRB-01,586594
OP03-110p1,PRB-01,586595
OP03-110p2,PRB-01,593318
OP03-110p3,PRB-01,586596
OP03-113p2,PRB-01,586597
OP03-116p6,PRB-01,593473
OP03-116p7,PRB-01,593474
OP03-121p1,PRB-01,593358
OP03-121p2,PRB-01,593890
OP03-123p3,PRB-01,586895
OP04-029p1,PRB-01,593361
OP04-029p2,PRB-01,593362
OP04-031p2,PRB-01,586897
OP04-032p1,PRB-01,593438
OP04-032p2,PRB-01,593439
OP04-036p1,PRB-01,593430
OP04-036p2,PRB-01,593891
OP04-044p3,PRB-01,586544
OP04-056p1,PRB-01,586198
OP04-056p2,PRB-01,593892
OP04-056p3,PRB-01,586197
OP04-089p1,PRB-01,586603
OP04-089p2,PRB-01,593431
OP04-089p3,PRB-01,586602
OP04-095p1,PRB-01,593432
OP04-095p2,PRB-01,593893
OP04-100p3,PRB-01,586483
OP04-100p4,PRB-01,593433
OP04-100p5,PRB-01,586484
OP04-104p2,PRB-01,586551
OP04-112p3,PRB-01,586808
OP05-006p2,PRB-01,586189
OP05-007p2,PRB-01,586190
OP05-010p1,PRB-01,593434
OP05-010p2,PRB-01,593435
OP05-015p2,PRB-01,586192
OP05-015p3,PRB-01,593436
OP05-015p4,PRB-01,586193
OP05-034p2,PRB-01,586899
OP05-034p3,PRB-01,586898
OP05-034p4,PRB-01,593437
OP05-043p2,PRB-01,586545
OP05-057p1,PRB-01,586601
OP05-057p2,PRB-01,593894
OP05-057p3,PRB-01,586600
OP05-073p1,PRB-01,593464
OP05-073p2,PRB-01,593465
OP05-074p4,PRB-01,586959
OP05-081p1,PRB-01,586592
OP05-081p2,PRB-01,593469
OP05-081p3,PRB-01,593470
OP05-082p1,PRB-01,586606
OP05-082p2,PRB-01,586604
OP05-082p3,PRB-01,593472
OP05-105p1,PRB-01,586805
OP05-105p2,PRB-01,593476
OP05-105p3,PRB-01,586804
OP05-114p1,PRB-01,593477
OP05-114p2,PRB-01,593895
OP05-115p2,PRB-01,593896
OP05-115p3,PRB-01,586806
OP05-117p1,PRB-01,586809
OP05-117p2,PRB-01,593897
OP05-117p3,PRB-01,593479
OP05-118p2,PRB-01,593480
OP05-119p4,PRB-01,586960
OP06-003p1,PRB-01,593482
OP06-003p2,PRB-01,593483
OP06-023p1,PRB-01,586889
OP06-023p2,PRB-01,593485
OP06-023p3,PRB-01,593486
OP06-035p2,PRB-01,593488
OP06-036p1,PRB-01,586559
OP06-036p2,PRB-01,593489
OP06-036p3,PRB-01,593490
OP06-038p1,PRB-01,593491
OP06-038p2,PRB-01,593898
OP06-056p1,PRB-01,593493
OP06-056p2,PRB-01,593899
OP06-060p1,PRB-01,593500
OP06-060p2,PRB-01,593501
OP06-064p1,PRB-01,593506
OP06-064p2,PRB-01,593507
OP06-065p1,PRB-01,587233
OP06-065p2,PRB-01,587234
OP06-065p3,PRB-01,593508
OP06-066p1,PRB-01,593553
OP06-066p2,PRB-01,593554
OP06-067p1,PRB-01,587235
OP06-067p2,PRB-01,593555
OP06-067p3,PRB-01,587236
OP06-068p1,PRB-01,593558
OP06-068p2,PRB-01,593559
OP06-069p2,PRB-01,587574
OP06-079p1,PRB-01,587575
OP06-079p2,PRB-01,593900
OP06-079p3,PRB-01,593561
OP06-086p2,PRB-01,586593
OP06-091p1,PRB-01,593562
OP06-091p2,PRB-01,593563
OP06-100p1,PRB-01,593564
OP06-100p2,PRB-01,593565
OP06-106p2,PRB-01,586547
OP06-110p2,PRB-01,593567
OP06-110p3,PRB-01,593568
OP06-114p1,PRB-01,593569
OP06-114p2,PRB-01,593570
P-014,PRB-01,457029
P-014p1,PRB-01,586195
P-014p2,PRB-01,593571
P-029,PRB-01,455820
P-029p2,PRB-01,586560
P-029p3,PRB-01,594239
P-053,PRB-01,518700
P-053p1,PRB-01,586408
P-053p2,PRB-01,593572
P-055,PRB-01,518702
P-055p1,PRB-01,586480
P-055p2,PRB-01,593573
PRB01-001,PRB-01,586607
PRB01-001p1,PRB-01,586608
ST01-006,PRB-01,288235
ST01-006p6,PRB-01,586180
ST01-006p7,PRB-01,593574
ST01-006p8,PRB-01,593575
ST01-014,PRB-01,288243
ST01-014p1,PRB-01,593576
ST01-014p2,PRB-01,593901
ST02-004,PRB-01,288252
ST02-004p1,PRB-01,586894
ST02-004p2,PRB-01,593578
ST02-004p3,PRB-01,593579
ST03-005,PRB-01,288272
ST03-005p4,PRB-01,593580
ST03-005p5,PRB-01,593581
ST03-008,PRB-01,288277
ST03-008p6,PRB-01,593583
ST03-008p7,PRB-01,593584
ST03-013,PRB-01,288286
ST03-013p1,PRB-01,586896
ST03-013p2,PRB-01,593585
ST03-013p3,PRB-01,593586
ST04-003,PRB-01,288274
ST04-003p6,PRB-01,586961
ST04-005,PRB-01,288278
ST04-005p3,PRB-01,593587
ST04-005p4,PRB-01,593588
ST04-016,PRB-01,288298
ST04-016p1,PRB-01,593589
ST04-016p2,PRB-01,593902
ST06-010,PRB-01,485251
ST06-010p1,PRB-01,593673
ST06-010p2,PRB-01,593674
ST06-014,PRB-01,486329
ST06-014p1,PRB-01,593675
ST06-014p2,PRB-01,593903
ST07-007,PRB-01,500139
ST07-007p2,PRB-01,593676
ST07-007p3,PRB-01,593677
ST09-014,PRB-01,504463
ST09-014p1,PRB-01,593678
ST09-014p2,PRB-01,593904
ST10-010,PRB-01,525053
ST10-010p3,PRB-01,587398
ST12-014,PRB-01,542124
ST12-014p1,PRB-01,593680
ST12-014p2,PRB-01,593681
EB01-009p1,PRB-02,655980
EB01-015p4,PRB-02,653917
EB01-018p1,PRB-02,655984
EB01-038p1,PRB-02,655987
EB01-051p1,PRB-02,655992
EB01-060p1,PRB-02,655995
EB02-061p3,PRB-02,654533
OP01-039p3,PRB-02,655999
OP01-055p1,PRB-02,656002
OP02-005p2,PRB-02,656004
OP02-068p1,PRB-02,656006
OP03-008p2,PRB-02,656010
OP03-048p1,PRB-02,656016
OP03-072p1,PRB-02,656019
OP04-016p1,PRB-02,656022
OP04-077p1,PRB-02,656034
OP04-096p1,PRB-02,656048
OP05-004p2,PRB-02,656056
OP05-021p1,PRB-02,656059
OP05-030p2,PRB-02,654096
OP05-036p3,PRB-02,656065
OP05-052p1,PRB-02,656071
OP05-077p1,PRB-02,656075
OP05-091p4,PRB-02,654571
OP05-097p1,PRB-02,656103
OP05-097p2,PRB-02,656105
OP06-007p2,PRB-02,654141
OP06-044p1,PRB-02,656114
OP06-047p4,PRB-02,654142
OP06-049p1,PRB-02,656124
OP06-056p3,PRB-02,656126
OP06-058p1,PRB-02,656130
OP06-059p1,PRB-02,656135
OP06-063p1,PRB-02,656139
OP06-073p1,PRB-02,656142
OP06-076p4,PRB-02,656145
OP06-078p1,PRB-02,656150
OP06-115p1,PRB-02,656158
OP06-119p3,PRB-02,654637
OP07-014p1,PRB-02,656170
OP07-017p1,PRB-02,656175
OP07-021p3,PRB-02,653918
OP07-031p1,PRB-02,656194
OP07-040p1,PRB-02,656198
OP07-040p2,PRB-02,656200
OP07-056p1,PRB-02,656203
OP07-076p1,PRB-02,656213
OP07-114p1,PRB-02,656219
OP08-023p2,PRB-02,654143
OP08-076p1,PRB-02,656241
OP08-087p1,PRB-02,656245
OP08-099p1,PRB-02,656248
OP09-014p1,PRB-02,656035
OP09-014p2,PRB-02,656038
OP09-020p1,PRB-02,653833
OP09-027p1,PRB-02,656046
OP09-033p1,PRB-02,656050
OP09-056p1,PRB-02,654097
OP09-057p1,PRB-02,653834
OP09-076p2,PRB-02,654099
OP09-077p1,PRB-02,656082
OP09-078p1,PRB-02,653835
OP09-079p1,PRB-02,656084
OP09-084p1,PRB-02,656086
OP09-086p1,PRB-02,654098
OP09-096p1,PRB-02,653836
OP09-097p1,PRB-02,656090
OP09-098p1,PRB-02,656092
OP10-011p1,PRB-02,654102
OP10-018p1,PRB-02,656100
OP10-079p1,PRB-02,656111
OP10-095p1,PRB-02,654022
OP10-105p1,PRB-02,656121
OP10-108p1,PRB-02,656127
OP10-109p1,PRB-02,654093
OP10-114p1,PRB-02,656144
OP10-114p2,PRB-02,656151
OP10-119p3,PRB-02,654636
P-044p2,PRB-02,656166
P-044p3,PRB-02,656163
P-063p2,PRB-02,656177
P-063p3,PRB-02,656172
P-063p4,PRB-02,654101
P-068p1,PRB-02,656188
P-068p2,PRB-02,656181
P-069p2,PRB-02,656192
P-069p3,PRB-02,656189
P-070p2,PRB-02,656199
P-070p3,PRB-02,656196
P-073p1,PRB-02,656209
P-073p2,PRB-02,656938
P-074p1,PRB-02,656212
P-074p2,PRB-02,656939
P-075p1,PRB-02,656216
P-075p2,PRB-02,656940
P-078p1,PRB-02,656223
P-078p2,PRB-02,656222
P-079p2,PRB-02,656229
P-079p3,PRB-02,656228
P-081p2,PRB-02,656249
P-081p3,PRB-02,656250
P-082p2,PRB-02,656242
P-082p3,PRB-02,656244
P-083p2,PRB-02,656237
P-083p3,PRB-02,656238
P-085p1,PRB-02,656230
P-085p2,PRB-02,656231
P-088p1,PRB-02,656220
P-088p2,PRB-02,656226
PRB02-001,PRB-02,653428
PRB02-001p1,PRB-02,653429
PRB02-002,PRB-02,653424
PRB02-002p1,PRB-02,653423
PRB02-003,PRB-02,653261
PRB02-003p1,PRB-02,653262
PRB02-004,PRB-02,653263
PRB02-004p1,PRB-02,653264
PRB02-005,PRB-02,653265
PRB02-005p1,PRB-02,653266
PRB02-006,PRB-02,653430
PRB02-006p1,PRB-02,653431
PRB02-007,PRB-02,653601
PRB02-007p1,PRB-02,653603
PRB02-008,PRB-02,653589
PRB02-008p1,PRB-02,653586
PRB02-009,PRB-02,653397
PRB02-009p1,PRB-02,653398
PRB02-010,PRB-02,653535
PRB02-010p1,PRB-02,653536
PRB02-011,PRB-02,653542
PRB02-011p1,PRB-02,653544
PRB02-012,PRB-02,653392
PRB02-012p1,PRB-02,653393
PRB02-013,PRB-02,653842
PRB02-013p1,PRB-02,653843
PRB02-014,PRB-02,653840
PRB02-014p1,PRB-02,653841
PRB02-015,PRB-02,653403
PRB02-015p1,PRB-02,653404
PRB02-016,PRB-02,653400
PRB02-016p1,PRB-02,653401
PRB02-017,PRB-02,653857
PRB02-017p1,PRB-02,653858
PRB02-018,PRB-02,653862
PRB02-018p1,PRB-02,653860
ST01-011,PRB-02,288240
ST01-011p7,PRB-02,656205
ST02-007,PRB-02,288255
ST02-007p5,PRB-02,656193
ST06-008,PRB-02,486323
ST06-008p2,PRB-02,656186
ST10-005,PRB-02,525048
ST10-005p2,PRB-02,656180
ST10-008,PRB-02,525051
ST10-008p1,PRB-02,656171
ST12-005,PRB-02,542112
ST12-005p1,PRB-02,656162
ST12-017,PRB-02,539155
ST12-017p1,PRB-02,656160
ST13-004,PRB-02,543606
ST13-004p2,PRB-02,656156
ST13-007,PRB-02,543609
ST13-007p2,PRB-02,656148
ST13-010,PRB-02,543612
ST13-010p2,PRB-02,656140
ST13-014,PRB-02,543616
ST13-014p2,PRB-02,656133
ST13-019,PRB-02,543621
ST13-019p1,PRB-02,656120
ST14-007,PRB-02,548418
ST14-007p1,PRB-02,656117
ST14-010,PRB-02,548421
ST14-010p1,PRB-02,656108
ST14-013,PRB-02,548424
ST14-013p1,PRB-02,656098
ST14-016,PRB-02,548427
ST14-016p1,PRB-02,656096
ST14-017,PRB-02,548428
ST14-017p1,PRB-02,656251
ST15-002,PRB-02,580987
ST15-002p2,PRB-02,653838
ST16-003,PRB-02,581003
ST16-003p1,PRB-02,656068
ST16-004,PRB-02,581004
ST16-004p2,PRB-02,653839
ST16-005,PRB-02,581005
ST16-005p1,PRB-02,656053
ST17-002,PRB-02,581017
ST17-002p1,PRB-02,653914
ST17-003,PRB-02,581018
ST17-003p2,PRB-02,656043
ST17-005,PRB-02,581020
ST17-005p1,PRB-02,656040
ST18-001,PRB-02,581031
ST18-001p2,PRB-02,656032
ST18-001p3,PRB-02,656031
ST18-002,PRB-02,581032
ST18-002p1,PRB-02,656028
ST18-003,PRB-02,581033
ST18-003p2,PRB-02,656017
ST19-002,PRB-02,581047
ST19-002p3,PRB-02,656012
ST20-003,PRB-02,581063
ST20-003p1,PRB-02,656008
ST21-003,PRB-02,615568
ST21-003p2,PRB-02,656000
ST01-001,ST-01,288228
ST01-002,ST-01,288229
ST01-003,ST-01,288230
ST01-004,ST-01,288232
ST01-005,ST-01,288234
ST01-007,ST-01,288236
ST01-008,ST-01,288237
ST01-009,ST-01,288238
ST01-010,ST-01,288239
ST01-012,ST-01,288241
ST01-013,ST-01,288242
ST01-015,ST-01,288244
ST01-016,ST-01,288245
ST01-017,ST-01,288246
ST02-001,ST-02,288249
ST02-002,ST-02,288250
ST02-003,ST-02,288251
ST02-005,ST-02,288253
ST02-006,ST-02,288254
ST02-008,ST-02,288256
ST02-009,ST-02,288257
ST02-010,ST-02,288258
ST02-011,ST-02,288259
ST02-012,ST-02,288260
ST02-013,ST-02,288261
ST02-014,ST-02,288262
ST02-015,ST-02,288263
ST02-016,ST-02,288264
ST02-017,ST-02,288265
ST03-001,ST-03,288266
ST03-002,ST-03,288267
ST03-003,ST-03,288268
ST03-004,ST-03,288270
ST03-006,ST-03,288273
ST03-007,ST-03,288275
ST03-009,ST-03,288279
ST03-010,ST-03,288280
ST03-011,ST-03,288282
ST03-012,ST-03,288284
ST03-014,ST-03,288288
ST03-015,ST-03,288289
ST03-016,ST-03,288290
ST03-017,ST-03,288291
ST04-001,ST-04,288269
ST04-002,ST-04,288271
ST04-004,ST-04,288276
ST04-006,ST-04,288281
ST04-007,ST-04,288283
ST04-008,ST-04,288285
ST04-009,ST-04,288287
ST04-010,ST-04,288292
ST04-011,ST-04,288293
ST04-012,ST-04,288294
ST04-013,ST-04,288295
ST04-014,ST-04,288296
ST04-015,ST-04,288297
ST04-017,ST-04,288299
ST05-001,ST-05,477316
ST05-002,ST-05,479844
ST05-003,ST-05,479845
ST05-004,ST-05,477317
ST05-005,ST-05,477318
ST05-006,ST-05,477320
ST05-007,ST-05,479846
ST05-008,ST-05,477321
ST05-009,ST-05,479847
ST05-010,ST-05,477323
ST05-011,ST-05,477324
ST05-012,ST-05,479848
ST05-013,ST-05,479849
ST05-014,ST-05,477325
ST05-015,ST-05,479850
ST05-016,ST-05,479851
ST05-017,ST-05,477326
ST06-001,ST-06,485247
ST06-002,ST-06,485248
ST06-003,ST-06,486320
ST06-004,ST-06,485250
ST06-005,ST-06,486321
ST06-006,ST-06,485252
ST06-007,ST-06,486322
ST06-009,ST-06,486324
ST06-011,ST-06,486326
ST06-012,ST-06,485253
ST06-013,ST-06,486328
ST06-015,ST-06,485254
ST06-016,ST-06,486330
ST06-017,ST-06,486331
ST07-001,ST-07,500128
ST07-002,ST-07,500129
ST07-003,ST-07,500130
ST07-004,ST-07,500132
ST07-005,ST-07,500134
ST07-006,ST-07,500137
ST07-008,ST-07,500140
ST07-009,ST-07,500142
ST07-010,ST-07,500145
ST07-011,ST-07,500147
ST07-012,ST-07,500149
ST07-013,ST-07,500150
ST07-014,ST-07,500151
ST07-015,ST-07,500152
ST07-016,ST-07,500153
ST07-017,ST-07,500154
ST08-001,ST-08,503233
ST08-002,ST-08,503230
ST08-003,ST-08,503240
ST08-004,ST-08,503229
ST08-005,ST-08,503224
ST08-006,ST-08,503234
ST08-007,ST-08,503232
ST08-008,ST-08,503228
ST08-009,ST-08,503237
ST08-010,ST-08,503241
ST08-011,ST-08,503236
ST08-012,ST-08,503239
ST08-013,ST-08,503238
ST08-014,ST-08,503231
ST08-015,ST-08,503235
ST09-001,ST-09,503523
ST09-002,ST-09,504457
ST09-003,ST-09,504464
ST09-004,ST-09,504465
ST09-005,ST-09,503654
ST09-006,ST-09,504456
ST09-007,ST-09,504459
ST09-008,ST-09,504455
ST09-009,ST-09,504460
ST09-010,ST-09,503538
ST09-011,ST-09,504454
ST09-012,ST-09,504461
ST09-013,ST-09,504462
ST09-015,ST-09,504458
OP01-016p3,ST-10,527619
OP01-025p3,ST-10,527620
ST10-001,ST-10,525044
ST10-002,ST-10,525045
ST10-003,ST-10,525046
ST10-004,ST-10,525047
ST10-006,ST-10,525049
ST10-007,ST-10,525050
ST10-009,ST-10,525052
ST10-011,ST-10,525054
ST10-012,ST-10,525055
ST10-013,ST-10,525057
ST10-014,ST-10,525058
ST10-015,ST-10,525059
ST10-016,ST-10,525061
ST10-017,ST-10,525064
ST11-001,ST-11,533879
ST11-002,ST-11,533880
ST11-003,ST-11,533881
ST11-004,ST-11,533882
ST11-005,ST-11,533883
ST12-001,ST-12,539151
ST12-002,ST-12,542108
ST12-003,ST-12,542109
ST12-004,ST-12,542110
ST12-006,ST-12,542113
ST12-007,ST-12,542114
ST12-008,ST-12,539152
ST12-009,ST-12,542115
ST12-010,ST-12,542117
ST12-011,ST-12,539153
ST12-012,ST-12,542118
ST12-013,ST-12,542120
ST12-015,ST-12,542125
ST12-016,ST-12,539154
ST13-001,ST-13,543603
ST13-001p1,ST-13,543622
ST13-002,ST-13,543604
ST13-002p1,ST-13,543623
ST13-003,ST-13,543605
ST13-003p1,ST-13,543624
ST13-004p1,ST-13,543625
ST13-005,ST-13,543607
ST13-005p1,ST-13,543626
ST13-006,ST-13,543608
ST13-006p1,ST-13,543627
ST13-007p1,ST-13,543628
ST13-008,ST-13,543610
ST13-008p1,ST-13,543629
ST13-009,ST-13,543611
ST13-009p1,ST-13,543630
ST13-010p1,ST-13,543631
ST13-011,ST-13,543613
ST13-011p1,ST-13,543632
ST13-012,ST-13,543614
ST13-012p1,ST-13,543633
ST13-013,ST-13,543615
ST13-013p1,ST-13,543634
ST13-014p1,ST-13,543635
ST13-015,ST-13,543617
ST13-015p1,ST-13,543636
ST13-016,ST-13,543618
ST13-016p1,ST-13,543637
ST13-017,ST-13,543619
ST13-018,ST-13,543620
OP02-001p2,ST-15,580976
ST15-001,ST-15,580986
ST15-003,ST-15,580988
ST15-004,ST-15,580989
ST15-005,ST-15,580990
P-057p1,ST-16,580992
P-058p1,ST-16,580993
P-059p1,ST-16,580994
P-060p1,ST-16,580995
P-061,ST-16,532115
ST11-001p1,ST-16,580997
ST11-003p2,ST-16,580998
ST11-004p2,ST-16,580999
ST11-005p2,ST-16,581000
ST16-001,ST-16,581001
ST16-002,ST-16,581002
OP01-060p2,ST-17,581006
P-030,ST-17,455823
ST17-001,ST-17,581016
ST17-004,ST-17,581019
OP05-060p3,ST-18,581021
P-041,ST-18,531486
ST18-004,ST-18,581034
ST18-005,ST-18,581035
OP02-093p2,ST-19,581036
ST19-001,ST-19,581046
ST19-003,ST-19,581048
ST19-004,ST-19,581049
ST19-005,ST-19,581050
OP03-099p2,ST-20,581051
ST20-001,ST-20,581061
ST20-002,ST-20,581062
ST20-004,ST-20,581064
ST20-005,ST-20,581065
ST21-001,ST-21,615564
ST21-001p1,ST-21,615565
ST21-002,ST-21,615566
ST21-002p1,ST-21,615567
ST21-003p1,ST-21,615569
ST21-004,ST-21,615570
ST21-004p1,ST-21,615571
ST21-005,ST-21,615572
ST21-005p1,ST-21,615573
ST21-006,ST-21,615574
ST21-006p1,ST-21,615575
ST21-007,ST-21,615576
ST21-007p1,ST-21,615577
ST21-008,ST-21,615578
ST21-008p1,ST-21,615579
ST21-009,ST-21,615580
ST21-009p1,ST-21,615581
ST21-010,ST-21,615582
ST21-010p1,ST-21,615583
ST21-011,ST-21,615584
ST21-011p1,ST-21,615585
ST21-012,ST-21,615586
ST21-012p1,ST-21,615587
ST21-013,ST-21,615588
ST21-013p1,ST-21,615589
ST21-014,ST-21,615590
ST21-014p1,ST-21,615591
ST21-015,ST-21,615592
ST21-015p1,ST-21,615593
ST21-016,ST-21,615594
ST21-017,ST-21,615595
ST22-001,ST-22,647683
ST22-001p1,ST-22,647684
ST22-002,ST-22,647685
ST22-002p1,ST-22,647686
ST22-003,ST-22,647687
ST22-003p1,ST-22,647688
ST22-004,ST-22,647689
ST22-004p1,ST-22,647690
ST22-005,ST-22,647691
ST22-005p1,ST-22,647692
ST22-006,ST-22,647693
ST22-006p1,ST-22,647694
ST22-007,ST-22,647695
ST22-007p1,ST-22,647696
ST22-008,ST-22,647697
ST22-008p1,ST-22,647698
ST22-009,ST-22,647699
ST22-009p1,ST-22,647700
ST22-010,ST-22,647701
ST22-010p1,ST-22,647702
ST22-011,ST-22,647703
ST22-011p1,ST-22,647704
ST22-012,ST-22,647705
ST22-012p1,ST-22,647706
ST22-013,ST-22,647707
ST22-013p1,ST-22,647708
ST22-014,ST-22,647709
ST22-014p1,ST-22,647710
ST22-015,ST-22,647711
ST22-016,ST-22,647712
ST22-017,ST-22,647713
OP09-001p2,ST-23,633760
ST23-001,ST-23,633761
ST23-002,ST-23,633762
ST23-003,ST-23,633763
ST23-004,ST-23,633764
ST23-005,ST-23,633943
OP07-019p3,ST-24,634599
ST24-001,ST-24,634615
ST24-002,ST-24,634617
ST24-003,ST-24,634619
ST24-004,ST-24,634621
ST24-005,ST-24,634622
OP09-042p2,ST-25,633944
P-084,ST-25,620828
ST25-001,ST-25,634305
ST25-002,ST-25,634307
ST25-003,ST-25,634230
ST25-004,ST-25,634232
ST25-005,ST-25,634309
OP09-061p2,ST-26,632776
ST26-001,ST-26,632779
ST26-002,ST-26,632780
ST26-003,ST-26,632777
ST26-004,ST-26,632781
ST26-005,ST-26,632778
OP09-081p2,ST-27,632819
ST27-001,ST-27,633179
ST27-002,ST-27,633180
ST27-003,ST-27,633092
ST27-004,ST-27,633181
ST27-005,ST-27,633093
OP06-022p3,ST-28,634623
ST28-001,ST-28,635312
ST28-002,ST-28,635313
ST28-003,ST-28,635314
ST28-004,ST-28,635315
ST28-005,ST-28,635316
ST29-001,ST-29,671534
ST29-001p1,ST-29,671547
ST29-002,ST-29,671548
ST29-002p1,ST-29,671550
ST29-003,ST-29,671554
ST29-003p1,ST-29,671555
ST29-004,ST-29,671557
ST29-004p1,ST-29,671558
ST29-005,ST-29,671559
ST29-005p1,ST-29,671560
ST29-006,ST-29,671562
ST29-006p1,ST-29,671563
ST29-007,ST-29,671595
ST29-007p1,ST-29,671596
ST29-008,ST-29,671597
ST29-008p1,ST-29,671598
ST29-009,ST-29,671599
ST29-009p1,ST-29,671600
ST29-010,ST-29,671601
ST29-010p1,ST-29,671602
ST29-011,ST-29,671603
ST29-011p1,ST-29,671604
ST29-012,ST-29,671605
ST29-012p1,ST-29,671606
ST29-013,ST-29,671607
ST29-013p1,ST-29,671608
ST29-014,ST-29,671609
ST29-014p1,ST-29,671610
ST29-015,ST-29,671611
ST29-016,ST-29,671612
ST29-017,ST-29,671614
ST30-001,ST-30,693256
ST30-001p1,ST-30,693257
ST30-002,ST-30,695418
ST30-002p1,ST-30,695419
ST30-003,ST-30,695420
ST30-003p1,ST-30,695421
ST30-004,ST-30,695422
ST30-004p1,ST-30,695745
ST30-005,ST-30,695423
ST30-005p1,ST-30,695424
ST30-006,ST-30,695425
ST30-006p1,ST-30,695426
ST30-007,ST-30,693394
ST30-007p1,ST-30,693395
ST30-008,ST-30,695429
ST30-008p1,ST-30,695430
ST30-009,ST-30,695431
ST30-009p1,ST-30,695432
ST30-010,ST-30,695433
ST30-010p1,ST-30,695434
ST30-011,ST-30,695435
ST30-011p1,ST-30,695436
ST30-012,ST-30,693396
ST30-012p1,ST-30,693397
ST30-013,ST-30,695438
ST30-013p1,ST-30,695439
ST30-014,ST-30,695440
ST30-014p1,ST-30,695441
ST30-015,ST-30,695442
ST30-015p1,ST-30,695443
ST30-016,ST-30,695444
ST30-016p1,ST-30,695445
ST30-017,ST-30,695446
ST30-017p1,ST-30,695447
ST21-001p3,ST-31,706313
ST31-001,ST-31,706314
ST31-002,ST-31,706315
ST31-003,ST-31,706316
ST31-004,ST-31,706317
ST31-005,ST-31,706318
OP12-020p5,ST-32,706319
ST32-001,ST-32,706323
ST32-002,ST-32,706324
ST32-003,ST-32,706325
ST32-004,ST-32,706326
ST32-005,ST-32,706327
OP12-040p2,ST-33,706329
ST33-001,ST-33,706332
ST33-002,ST-33,706333
ST33-003,ST-33,706334
ST33-004,ST-33,706335
ST33-005,ST-33,706336
OP11-062p2,ST-34,706338
ST34-001,ST-34,706342
ST34-002,ST-34,706343
ST34-003,ST-34,706344
ST34-004,ST-34,706345
ST34-005,ST-34,706346
OP13-004p2,ST-35,706347
ST35-001,ST-35,706351
ST35-002,ST-35,706352
ST35-003,ST-35,706353
ST35-004,ST-35,706354
ST35-005,ST-35,706355
OP10-099p2,ST-36,706356
ST36-001,ST-36,706362
ST36-002,ST-36,706363
ST36-003,ST-36,706364
ST36-004,ST-36,706365
ST36-005,ST-36,706366
